workers,n_images,mode,tasks,time_mean,time_median,time_std,time_min,time_max,time_ci95,reps,compute_median,pool_setup_median,cpu_main_median,cpu_children_median,cpu_total_median,throughput_median,throughput_mean,imbalance_median,task_count,speedup,efficiency,speedup_compute,amdahl_serial_fraction,cpu_overhead_ratio,level,backend,per_worker,weak_efficiency,scaled_speedup,chunksize,scheduling
1,500,sequential,1,0.1769380377144054,0.17676984499848913,0.00113824690884782,0.17539532099908683,0.17887387500013574,0.0010527407373105968,7,0.17676984499848913,0.0,0.17672499999999958,0.0,0.17672499999999958,2828.536733764028,2825.947984207484,1.0,1,1.0,1.0,1.0,nan,0.9997463085488933,light,sequential,500,1.0,1.0,,
1,500,process/dynamic,32,0.18127341899993812,0.1822915449993161,0.003060398219024677,0.17660329600039404,0.18460485700052232,0.002830498244727341,7,0.1738463239998964,0.008690205999300815,0.008163999999999838,0.1780790000000001,0.1873389999999998,2742.8589735298797,2758.9429512725796,1.0,32,0.9697095112071836,0.9697095112071836,1.0168166972492008,nan,1.0597904863332375,light,process,500,0.9697095112071836,0.9697095112071836,16,dynamic
2,1000,process/dynamic,63,0.1930151071423357,0.1913592559976678,0.0047519086599543,0.18888147700272384,0.2028166689997306,0.004394940840539302,7,0.17940538699986064,0.01168785099798697,0.017984000000000222,0.3652230000000003,0.3831830000000003,5225.772826019911,5183.551777579373,1.0038906059757375,63,0.9237590524528562,0.4618795262264281,0.985309571549412,1.1650667397406314,2.167694382507805,light,process,500,0.9237590524528562,1.8475181049057123,16,dynamic
4,2000,process/dynamic,125,0.23046541742847435,0.22981476499990094,0.00603062414088478,0.22401996299959137,0.2397734810001566,0.005577598019523307,7,0.21245806200022344,0.017430033996788552,0.03469899999999981,0.8591179999999987,0.8929289999999983,8702.661032248569,8683.147764673373,1.0107365356625038,125,0.7691840208724854,0.19229600521812135,0.8320222981150192,1.40010534603618,5.051364954286351,light,process,500,0.7691840208724854,3.0767360834899415,16,dynamic
8,4000,process/dynamic,250,0.31056315100067877,0.3046117450030579,0.016832906330146398,0.29709165600070264,0.3463759950027452,0.015568402675493434,7,0.27607990199976484,0.028531843003293034,0.06632000000000016,2.2115399999999994,2.2792119999999993,13131.470029035963,12910.024655779594,1.015319941811394,250,0.5803119804087482,0.07253899755109353,0.640285090359963,1.8265268806333952,12.893669732071553,light,process,500,0.5803119804087482,4.642495843269986,16,dynamic
14,7000,process/dynamic,438,0.46806581942863495,0.4605760980011837,0.01949028181983277,0.45249107999916305,0.5073949379984697,0.018026153634953815,7,0.4159908519977762,0.0445836920007423,0.11788500000000113,5.781412999999986,5.896684999999986,15198.357080140988,14976.381146672977,1.0215404180077736,438,0.38380160361260174,0.02741440025804298,0.42493685654278307,2.7290138102247212,33.3579802598706,light,process,500,0.38380160361260174,5.373222450576424,16,dynamic
20,10000,process/dynamic,625,0.6589702237153168,0.6535025650009629,0.024155960945569523,0.6386859689991979,0.7108005510017392,0.022341342584471492,7,0.59261290500217,0.06137477500305977,0.27448300000000003,10.95608199999998,11.22407200000001,15302.158760440772,15191.802538426864,1.0159222008098123,625,0.2704960232225388,0.01352480116112694,0.2982888889296831,3.838854759398396,63.49539990882462,light,process,500,0.2704960232225388,5.409920464450776,16,dynamic
1,500,sequential,1,0.6851165791423617,0.6859574770023755,0.006648533814639443,0.6772297690004052,0.6968560529967363,0.006149089741120246,7,0.6859574770023755,0.0,0.6856650000000002,0.0,0.6856650000000002,728.9081565011769,729.8614772945633,1.0,1,1.0,1.0,1.0,nan,0.9995736222547592,medium,sequential,500,1.0,1.0,,
1,500,process/dynamic,32,0.6823877421427044,0.6823094930005027,0.007417519536287567,0.6679414509999333,0.6922718570021971,0.00686030853670531,7,0.673169636997045,0.008942969998315675,0.010355000000000558,0.6776519999999948,0.6886620000000043,732.805281370505,732.7961219845384,1.0,32,1.005346523885855,1.005346523885855,1.0189964598854697,nan,1.0039426977448334,medium,process,500,1.005346523885855,1.005346523885855,16,dynamic
2,1000,process/dynamic,63,0.7102920808564315,0.7110110329995223,0.009944002596807156,0.6981652079994092,0.7293288149994623,0.009196999828602965,7,0.6988866009996855,0.012124431999836816,0.01836099999999874,1.396839,1.4112970000000011,1406.4479362314928,1408.105550853121,1.0064823720484906,63,0.9647634778725528,0.4823817389362764,0.9815003979489432,1.073046965262717,2.0574117890912844,medium,process,500,0.9647634778725528,1.9295269557451056,16,dynamic
4,2000,process/dynamic,125,0.8528920237149578,0.8522219609985768,0.014983599287099173,0.8349145560023317,0.8729831730015576,0.013858017305783196,7,0.8345884199989086,0.01721917599934386,0.03855000000000075,3.3118809999999996,3.351071000000001,2346.806455980709,2345.5797849275764,1.012212333386288,125,0.8049047177787068,0.2012261794446767,0.8219110888254028,1.3231774360567747,4.885245969829112,medium,process,500,0.8049047177787068,3.219618871114827,16,dynamic
8,4000,process/dynamic,250,1.122547544000554,1.122297776000778,0.02227384975662405,1.098580616999243,1.1653015060001053,0.02060061734695988,7,1.0940664029985783,0.02823137300219969,0.08176800000000028,8.641749000000004,8.722156000000005,3564.116480969688,3564.506984843542,1.015807154297109,250,0.6112080872571382,0.07640101090714227,0.6269797474105115,1.7269760067430806,12.715301301351365,medium,process,500,0.6112080872571382,4.889664698057105,16,dynamic
14,7000,process/dynamic,438,1.7264164745715138,1.724874109000666,0.02778123553405583,1.6858938189980108,1.7680508750017907,0.025694283157883316,7,1.68018526099695,0.04457481699864729,0.1501020000000004,23.272951999999975,23.426389999999973,4058.2671880068765,4055.5412532565015,1.0144838565438719,438,0.3976855316123889,0.02840610940088492,0.4082630010665358,2.6310534304363076,34.15137349675517,medium,process,500,0.3976855316123889,5.567597442573445,16,dynamic
20,10000,process/dynamic,625,2.312644642285574,2.3096576210009516,0.038453166402940706,2.260866705000808,2.366367505001108,0.03556452860648276,7,2.2472383700005594,0.06241925100039225,0.28547700000000376,42.15812400000004,42.43239600000004,4329.646051896745,4325.080239310572,1.013809409763748,625,0.2969953082072388,0.01484976541036194,0.30524464434193727,3.491638481416205,61.858639088575885,medium,process,500,0.2969953082072388,5.939906164144776,16,dynamic
1,500,sequential,1,3.6642140341427876,3.674832103999506,0.07638548494456651,3.546293698000227,3.7697768280013406,0.0706473359297491,7,3.674832103999506,0.0,3.6737620000000035,0.0,3.6737620000000035,136.06063783317464,136.50599008401886,1.0,1,1.0,1.0,1.0,nan,0.9997088019345597,heavy,sequential,500,1.0,1.0,,
1,500,process/dynamic,32,3.470489442571956,3.4756001370005833,0.02651120497865208,3.423612423001032,3.512020015001326,0.02451965848470401,7,3.466631380000763,0.008880149998731213,0.01130500000000012,3.469351999999958,3.480656999999958,143.8600472698497,144.07912139800632,1.0,32,1.0573230403802603,1.0573230403802603,1.0600585124798292,nan,0.9471608229969969,heavy,process,500,1.0573230403802603,1.0573230403802603,16,dynamic
2,1000,process/dynamic,63,3.6446958190005847,3.6441325949999737,0.030901866610803335,3.6085784940005396,3.6938683900007163,0.028580489511770942,7,3.6311704449981335,0.0129621500018402,0.02031799999999606,7.219540000000052,7.2343570000000454,274.41372505821437,274.3881878319496,1.0071519146390084,63,1.0084243666220198,0.5042121833110099,1.0120241282150542,0.9832920208974334,1.968622455465796,heavy,process,500,1.0084243666220198,2.0168487332440397,16,dynamic
4,2000,process/dynamic,125,4.554716736571469,4.53391348200239,0.06967403828013781,4.4699773590000405,4.6514688930001284,0.06444005941091074,7,4.515428066999448,0.018309451996174175,0.0377809999999954,17.744724000000133,17.78025800000014,441.12001870770274,439.1931720305828,1.0180369153539033,125,0.8105210032319644,0.2026302508079911,0.8138391420420684,1.3116990939778,4.83838648863685,heavy,process,500,0.8105210032319644,3.2420840129278576,16,dynamic
8,4000,process/dynamic,250,6.264931235571047,6.246926154999528,0.1086921666285133,6.148618980998435,6.490832359999331,0.10052710949350407,7,6.217729132000386,0.02973657400070806,0.09651500000000368,49.305515000000014,49.40750100000002,640.3149166088233,638.6360404494919,1.0092523571382592,250,0.5882624530559676,0.07353280663199595,0.5910247979582264,1.7999103020479477,13.444832199606433,heavy,process,500,0.5882624530559676,4.706099624447741,16,dynamic
14,7000,process/dynamic,438,9.308560089570944,9.344688144999964,0.07560980278525277,9.19564432900006,9.39105839900003,0.06992992373915399,7,9.296054061000177,0.049476659998617833,0.17395199999999988,128.87584199999992,129.05888399999992,749.0886684908228,752.038658754917,1.00833574904372,438,0.39325358395890275,0.028089541711350197,0.39531096526391385,2.66157218631557,35.11966815015538,heavy,process,500,0.39325358395890275,5.505550175424639,16,dynamic
20,10000,process/dynamic,625,12.95497586714295,12.958730561000266,0.10515204626873739,12.79226039400237,13.078752710000117,0.09725292628356133,7,12.892543613997987,0.06829943399861804,0.3173450000000031,247.09997099999964,247.41606799999965,771.6805247957956,771.9478505168447,1.0097760364793429,625,0.2835796366550777,0.014178981832753883,0.2850354603423318,3.659311885553577,67.32717604451213,heavy,process,500,0.2835796366550777,5.671592733101553,16,dynamic
