workers,n_images,mode,tasks,time_mean,time_median,time_std,time_min,time_max,time_ci95,reps,compute_median,pool_setup_median,cpu_main_median,cpu_children_median,cpu_total_median,throughput_median,throughput_mean,imbalance_median,task_count,speedup,efficiency,speedup_compute,amdahl_serial_fraction,cpu_overhead_ratio,level,backend,chunksize,scheduling,tasks_per_worker
1,1500,sequential,1,0.5359737670005416,0.5333141830014938,0.008777060867314833,0.5268440680010826,0.5491489859996364,0.010896413352741312,5,0.5333141830014938,0.0,0.5331220000000001,0.0,0.5331220000000001,2812.600991704356,2799.2399499938715,1.0,1,1.0,1.0,1.0,nan,0.99963964393294,light,sequential,-,,
14,1500,process/dynamic,1500,0.13379640640050638,0.13274436099891318,0.001871275621603724,0.13202952800202183,0.13598370600084309,0.0023231230793708843,5,0.09519306500078528,0.03753145900191157,0.1341940000000008,1.3842750000000001,1.518469000000001,11299.915030004784,11212.810298567547,1.0138392555218483,1500,4.017603301475535,0.2869716643911096,5.602447856859051,0.1911280461252236,2.84723161018155,light,process,1,dynamic,107.14285714285714
14,1500,process/dynamic,750,0.1474608888005605,0.13504007899973658,0.01790097459649582,0.1335420300019905,0.16729843500070274,0.022223432373212396,5,0.097406641998532,0.037816768999618944,0.11450299999999913,1.4015650000000015,1.5160680000000006,11107.813407032485,10288.370794393206,1.0200778684120815,750,3.9493029547363796,0.2820930681954557,5.475131593280172,0.19576379700527755,2.8427295735274947,light,process,2,dynamic,53.57142857142857
14,1500,process/dynamic,375,0.12636715519911376,0.1257815169992682,0.0023016512559613463,0.12389182100014295,0.1298609879995638,0.0028574193409329376,5,0.08876191699891933,0.03701960000034887,0.07727000000000128,1.2957350000000005,1.3740140000000016,11925.440524053522,11873.294909512013,1.031966124537858,375,4.24000438001234,0.30285745571516715,6.008367113206747,0.17706795242579906,2.5763687593437825,light,process,4,dynamic,26.785714285714285
14,1500,process/dynamic,188,0.1260536646012042,0.1255901830008952,0.002038435102161233,0.12424390900196158,0.12896722300138208,0.002530645714056837,5,0.08875727999839,0.036650322002969915,0.05801800000000057,1.2782310000000052,1.3372910000000058,11943.608681494701,11902.166993587107,1.027304656812798,188,4.24646393737393,0.30331885266956643,6.008681011981977,0.176681591056056,2.507510661864884,light,process,8,dynamic,13.428571428571429
14,1500,process/dynamic,94,0.12936840760012275,0.12968517400076962,0.0027318086300709824,0.1254655049997382,0.1329910509994079,0.0033914446400490792,5,0.0925712680000288,0.03648347299895249,0.04630299999999998,1.2216060000000013,1.2679090000000013,11566.472509734214,11598.946057134202,1.1021714982528164,94,4.11237589115876,0.2937411350827686,5.761119994611373,0.1849506197976837,2.377414740527255,light,process,16,dynamic,6.714285714285714
14,1500,process/dynamic,47,0.13100492080047843,0.1308795530021598,0.0009945227404769017,0.12983068199901027,0.13255525800195755,0.0012346651154366071,5,0.09408018799877027,0.0368163459970674,0.03956800000000271,1.1932900000000046,1.2336130000000054,11460.919338372485,11450.477443873971,1.1706592370871867,47,4.074847222260095,0.29106051587572107,5.668719358941596,0.18736243322809057,2.3131074314529343,light,process,32,dynamic,3.357142857142857
14,1500,process/dynamic,24,0.14884948460021405,0.14852971000073012,0.013395879151298223,0.13538339499791618,0.16931318500064663,0.016630514321654768,5,0.10458289399684872,0.036525031999190105,0.03864299999999865,1.2988050000000015,1.3462120000000013,10098.989622969213,10140.303878474937,1.237728504047766,24,3.5906229332762596,0.25647306666258995,5.099439904747363,0.22300345307890238,2.5242381374962055,light,process,64,dynamic,1.7142857142857142
14,1500,process/dynamic,12,0.14528148679964942,0.1452195899983053,0.00614002843412046,0.13619918200129177,0.15342840299854288,0.007622630038366085,5,0.11017126699880464,0.03605780000361847,0.0340039999999977,1.0178839999999951,1.0521679999999947,10329.18492620386,10339.729324805367,1.3800281262470362,12,3.672467213326504,0.26231908666617887,4.840773801823303,0.2163193169137369,1.972885840159716,light,process,128,dynamic,0.8571428571428571
14,1500,process/dynamic,6,0.17917309500044212,0.18151691900129663,0.00960789225081821,0.16874867500155233,0.1889137580001261,0.011927861387332915,5,0.14543441899877507,0.03535552300309064,0.03294499999999978,0.780988999999991,0.8123389999999908,8263.69248802248,8391.279827623166,1.183317771758814,6,2.938096271883527,0.20986401942025193,3.667042414533149,0.28961463228299117,1.523190318000066,light,process,256,dynamic,0.42857142857142855
14,1500,process/dynamic,3,0.24506112859962742,0.24291467899820418,0.003813970096641758,0.24202485099885962,0.2512396429992805,0.004734910161414588,5,0.20908038500056136,0.03383429399764282,0.0309279999999994,0.6783980000000014,0.7090879999999888,6175.007645425533,6122.092644990795,1.028743264888345,3,2.195479438298731,0.15681995987848077,2.5507614356079453,0.4135953301896678,1.3295877413370847,light,process,512,dynamic,0.21428571428571427
14,1500,process/dynamic,1,0.5691267415997572,0.5574169510000502,0.02716112735323098,0.5502159900024708,0.6166789179987973,0.03371958737000261,5,0.5250288140014163,0.03274848599903635,0.02950999999999837,0.5906420000000026,0.6195750000000011,2690.9838269340053,2640.1674300106465,1.0,1,0.9567598940876949,0.06833999243483535,1.0157807891283757,1.048670798382453,1.1617448396234864,light,process,1500,dynamic,0.07142857142857142
20,1500,process/dynamic,1500,0.13899482200067723,0.13949234400206478,0.0011916473544109681,0.13719596299779369,0.14010432999930345,0.0014793884126651773,5,0.08959421899999143,0.049797397001384525,0.11454999999999949,1.7411950000000047,1.8530480000000047,10753.27833029888,10792.406825831538,1.0470443721755358,1500,3.823250564874009,0.19116252824370045,5.952551280139457,0.2226921439125422,3.474589761650525,light,process,1,dynamic,75.0
20,1500,process/dynamic,750,0.13517697140050586,0.13474258200221811,0.0015963081116889134,0.13380645500001265,0.1379438799995114,0.0019817605558679133,5,0.084243786001025,0.05051252100020065,0.11790299999999831,1.6865410000000054,1.798176000000005,11132.338253509994,11097.786562544086,1.0453747920376724,750,3.9580225870446393,0.19790112935223197,6.330605594993142,0.21331727702753978,3.3717010672393246,light,process,2,dynamic,37.5
20,1500,process/dynamic,375,0.13450828699787962,0.1343995770002948,0.0026728849299429724,0.131806046996644,0.1376824619983381,0.0033182929321398007,5,0.08398519799811766,0.05090965799536207,0.11679700000000182,1.6426310000000086,1.7612060000000103,11160.749412155588,11155.247940944995,1.0449732048345324,375,3.968123969618773,0.19840619848093866,6.350097347075932,0.2126402691618773,3.302379828130461,light,process,4,dynamic,18.75
20,1500,process/dynamic,188,0.1364170588007255,0.13632797800164553,0.004585782307970738,0.13061897100124042,0.14336319900030503,0.005693087962898465,5,0.08234006299971952,0.053732937998574926,0.1066369999999992,1.6421320000000037,1.738686999999988,11002.877193571332,11005.535328886583,1.0627614449627107,188,3.9119936407701763,0.1955996820385088,6.476970791281888,0.21644646043823007,3.260155186975626,light,process,8,dynamic,9.4
20,1500,process/dynamic,94,0.13350160679983675,0.13284167899837485,0.0021929347780383903,0.13180356199882226,0.1371220050023112,0.002722451645070859,5,0.08203080100065563,0.05077686400181847,0.08064200000000099,1.5579460000000154,1.6385880000000164,11291.636866606832,11238.21061422,1.0851032689289017,94,4.01466006017598,0.20073300300879898,6.501389435380879,0.20956536006350937,3.072462822529936,light,process,16,dynamic,4.7
20,1500,process/dynamic,47,0.13881841679976786,0.137768632001098,0.002952457641298344,0.13539392600068823,0.14276406000135466,0.0036653726517779685,5,0.08793920999960392,0.049801122997450875,0.06298299999999912,1.5766059999999698,1.6406049999999688,10887.819514590557,10809.37496586426,1.1658565084403567,47,3.8710857127277225,0.19355428563638613,6.064577826022043,0.21928995859090583,3.076244833330025,light,process,32,dynamic,2.35
20,1500,process/dynamic,24,0.14664853359936386,0.14650022799833096,0.005447465772668663,0.13927343300019857,0.15390409599785926,0.00676283777465331,5,0.09693519600114087,0.04956503199719009,0.05054499999999962,1.550393000000014,1.6009380000000135,10238.89191501524,10239.863633559033,1.3841038147308848,24,3.6403641843313017,0.18201820921656509,5.50175999020229,0.23652399056352275,3.001866537638151,light,process,64,dynamic,1.2
20,1500,process/dynamic,12,0.16978238599913312,0.15701234999869484,0.019707279222828736,0.15404627799944137,0.19526752499950817,0.024465896239765687,5,0.1091511710001214,0.04991256900029839,0.04759299999999911,1.0668890000000033,1.1121460000000027,9553.388634795088,8926.68941436209,1.3675580976403927,12,3.396638436440999,0.16983192182204995,4.88601430580072,0.2572723447832706,2.085348628346694,light,process,128,dynamic,0.6
20,1500,process/dynamic,6,0.18313950960073272,0.18125991400302155,0.007104484986715461,0.17425875600019936,0.19355141000050935,0.008819969035634551,5,0.13356669799759402,0.04830761000266648,0.04470099999999988,0.7937069999999835,0.8387979999999828,8275.409421053766,8200.249678355813,1.1466181594985796,6,2.9422621429281026,0.14711310714640513,3.992867915407331,0.30513109746045247,1.5728027244263882,light,process,256,dynamic,0.3
20,1500,process/dynamic,3,0.25747389499956624,0.25840827799765975,0.006276569681046808,0.2481744870019611,0.26511026300067897,0.0077921412094403,5,0.20804847000181326,0.04825626899764757,0.04423399999999944,0.7111170000000016,0.7569110000000023,5804.767601189558,5828.629513991166,1.0328963591967613,3,2.0638432604946337,0.10319216302473169,2.563413145969522,0.45740307295497035,1.4192590861546284,light,process,512,dynamic,0.15
20,1500,process/dynamic,1,0.5599041858004057,0.5606494810017466,0.010571461822364686,0.5491685509987292,0.5755756340004154,0.013124099228726208,5,0.5134147290009423,0.04535793700051727,0.04090200000000266,0.6173459999999977,0.6594339999999974,2675.4684536938453,2679.788232333029,1.0,1,0.9512435150186688,0.04756217575093344,1.0387590243841933,1.0539531833431897,1.2364831482423755,light,process,1500,dynamic,0.05
1,1500,sequential,1,1.9880531004011572,1.990728303000651,0.026446531345736938,1.9524964560005174,2.0237638400030846,0.03283244147964309,5,1.990728303000651,0.0,1.989844999999999,0.0,1.989844999999999,753.4930797633359,754.613865438574,1.0,1,1.0,1.0,1.0,nan,0.9995562915344497,medium,sequential,-,,
14,1500,process/dynamic,1500,0.39902506879952854,0.3839793259976432,0.02273071388610754,0.3825558970020211,0.4329272729992226,0.028219384375956637,5,0.3478341450027074,0.03676970599917695,0.20540099999999484,4.905339999999995,5.10578799999999,3906.460318150584,3768.6138006780448,1.0099677180470183,1500,5.1844674132608635,0.37031910094720455,5.723211282161952,0.13079798506460502,2.564783949825784,medium,process,1,dynamic,107.14285714285714
14,1500,process/dynamic,750,0.38304634279993477,0.3824184100012644,0.002019654450650724,0.3815404840024712,0.38650250699720345,0.002507330193635375,5,0.34646182200231124,0.03613014299844508,0.1354120000000023,4.846468999999985,4.985861999999983,3922.4053046898043,3916.0618601377114,1.0164704455553204,750,5.205628837257257,0.37183063123266125,5.745880719253884,0.12995357728926724,2.504541675769982,medium,process,2,dynamic,53.57142857142857
14,1500,process/dynamic,375,0.3910775540003669,0.38191255899801035,0.016309761648357315,0.3770428850002645,0.4142504830015241,0.020247997284261524,5,0.34546036099709454,0.03651336800248828,0.09377899999999784,4.795721999999955,4.887012999999953,3927.600610818914,3840.7903327728372,1.0206185890707271,375,5.212523799226571,0.37232312851618365,5.762537552079365,0.1296799273803029,2.454886984142283,medium,process,4,dynamic,26.785714285714285
14,1500,process/dynamic,188,0.38510671279946107,0.38505267599975923,0.005231133568784331,0.37936166600047727,0.3932639059967187,0.0064942689278983095,5,0.34801930200046627,0.03626379300112603,0.06720200000000176,4.805324999999982,4.872526999999984,3895.5709010601395,3895.5950055303715,1.025990795713124,188,5.170015499390779,0.36928682138505564,5.720166357318836,0.1313786345611495,2.447610250306664,medium,process,8,dynamic,13.428571428571429
14,1500,process/dynamic,94,0.41427177139994453,0.4027957750004134,0.022448483263435383,0.3949136589981208,0.449770797000383,0.027869004952602108,5,0.36741694300144445,0.03537883199896896,0.051065000000008354,4.798306000000025,4.850612000000027,3723.9715337095095,3629.0088100003136,1.0760587843466514,94,4.942277021149509,0.3530197872249649,5.418172299672159,0.14097710801487678,2.436601716411343,medium,process,16,dynamic,6.714285714285714
14,1500,process/dynamic,47,0.4130935868000961,0.4116817740032275,0.005506758322850441,0.4088460649982153,0.4222047659968666,0.006836447396972868,5,0.37628707800104166,0.03539469600218581,0.04116599999999693,4.697911999999974,4.739505999999949,3643.59098391429,3631.648618461955,1.1349337071235368,47,4.8355997974907785,0.34539998553505563,5.290450880152574,0.14578416148029524,2.3807899816645137,medium,process,32,dynamic,3.357142857142857
14,1500,process/dynamic,24,0.43759419759953744,0.43980803299928084,0.012271177162065912,0.4238179019994277,0.45417549700141535,0.015234236232828558,5,0.4049895700009074,0.03549342800033628,0.03665500000000321,4.602386000000024,4.6391820000000195,3410.5789059165563,3429.983777643658,1.2221231599255455,24,4.526357305083389,0.32331123607738493,4.915505115344552,0.16099960666922883,2.330394355175098,medium,process,64,dynamic,1.7142857142857142
14,1500,process/dynamic,12,0.45348659999945085,0.4502183080003306,0.02569416498919834,0.42554975299935904,0.49513474099876476,0.031898405025131346,5,0.41410997599814436,0.03573708300245926,0.034168000000001086,3.856681000000094,3.8912920000000923,3331.717021154321,3315.904787120378,1.3130267092830845,12,4.421695581067284,0.31583539864766313,4.807245462276841,0.16663124679251803,1.9547077288923338,medium,process,128,dynamic,0.8571428571428571
14,1500,process/dynamic,6,0.5264936873994884,0.5158633009996265,0.023089559233790708,0.5116934809993836,0.5669370779978635,0.028664878294384962,5,0.4796664560017234,0.0361968449979031,0.032811000000002366,2.7973040000000537,2.829521000000014,2907.7470661187544,2853.2066605658392,1.059187468529555,6,3.8590229216598066,0.2756444944042719,4.150234560061666,0.20214317865124368,1.4213496616966965,medium,process,256,dynamic,0.42857142857142855
14,1500,process/dynamic,3,0.8687972790008643,0.8648712280009931,0.01352769719040044,0.85326688799978,0.8876724830006424,0.016794161795805757,5,0.8310287659987807,0.034324697000556625,0.03140199999999993,2.4951490000000263,2.5263550000000308,1734.3622396446256,1726.8581366349893,1.0281756162521614,3,2.3017626654107692,0.1644116189579121,2.39549866918033,0.3909457842355043,1.269060673017017,medium,process,512,dynamic,0.21428571428571427
14,1500,process/dynamic,1,2.004599151200091,2.0104985300022236,0.03218559177085591,1.9651161599977058,2.049226525999984,0.039957283792328005,5,1.9769385420004255,0.03314665600191802,0.029722999999997057,2.03918699999997,2.0689069999999674,746.0836094211624,748.4333037629369,1.0,1,0.9901665051197274,0.07072617893712338,1.0069753109200208,1.010695087653051,1.0392714047825997,medium,process,1500,dynamic,0.07142857142857142
20,1500,process/dynamic,1500,0.3726466440006334,0.37315465999927255,0.001306388470604346,0.37050494000141043,0.37376818399934564,0.0016218354857228418,5,0.3231320860031701,0.04997589800041169,0.309905999999998,6.061248999999975,6.370552999999973,4019.780966966684,4025.3006907059607,1.0165730662495462,1500,5.334861161869268,0.26674305809346344,6.160726183598867,0.14468031859009994,3.2001117331770255,medium,process,1,dynamic,75.0
20,1500,process/dynamic,750,0.3815604147996055,0.37272820199723355,0.023961324574398448,0.36785984100060887,0.42404780099968775,0.02974714440162244,5,0.32266312100182404,0.05006508099540952,0.28094499999999556,6.095045000000027,6.377374000000032,4024.3802104653546,3942.7397463645348,1.0240986600336797,750,5.3409650580060655,0.26704825290030326,6.169680305638019,0.14445482164038337,3.203538117375099,medium,process,2,dynamic,37.5
20,1500,process/dynamic,375,0.37521847119933227,0.37713021300078253,0.005400450966174218,0.3656209079999826,0.37837208999917493,0.006704470540677486,5,0.32698895299836295,0.05028261500046938,0.17004600000000636,6.052496000000019,6.2225420000000256,3977.406074322896,3998.3462384543736,1.0402311110722513,375,5.2786232297875335,0.2639311614893767,6.088059809808368,0.14678246011632456,3.125761557024485,medium,process,4,dynamic,18.75
20,1500,process/dynamic,188,0.390592433000711,0.3813693189986225,0.021128668139479667,0.37833086600221577,0.42804353300016373,0.02623050074746713,5,0.3331718280023779,0.04980827300460078,0.12070600000000553,6.051657999999975,6.169763999999972,3933.195265782296,3848.7470363771595,1.0650762269257523,188,5.219948757880656,0.2609974378940328,5.975079930787074,0.14902395978913557,3.099249651848625,medium,process,8,dynamic,9.4
20,1500,process/dynamic,94,0.37954943039949285,0.3799803090005298,0.0017865559070520288,0.3766254330002994,0.3812425260002783,0.0022179465239342876,5,0.3306206480010587,0.048921383000561036,0.0740029999999976,5.900676999999973,5.974679999999971,3947.57297804584,3952.1247363497723,1.0988502336819572,94,5.239030170370948,0.2619515085185474,6.021185655029859,0.14828949703735664,3.001253355866924,medium,process,16,dynamic,4.7
20,1500,process/dynamic,47,0.398374072000297,0.39043667500300216,0.02350232707884188,0.3777619729989965,0.43883018999986234,0.02917731510283264,5,0.3409361630001513,0.05079696499888087,0.05812800000000351,6.025918000000047,6.084980999999942,3841.8522030197755,3775.1976226745633,1.1400209989716936,47,5.098722610997914,0.2549361305498957,5.8390060047686045,0.15381847908811844,3.056660715994227,medium,process,32,dynamic,2.35
20,1500,process/dynamic,24,0.4008788478000497,0.3986915040004533,0.008062838116575967,0.3913475080007629,0.4112124130006123,0.010009730847557376,5,0.3498351359994558,0.04888690699954168,0.05187400000000508,5.629281999999989,5.678557999999988,3762.3074104892253,3742.986396288835,1.2672149115556968,24,4.993154564433326,0.24965772822166632,5.690475593062636,0.15818336085949325,2.8525027706898136,medium,process,64,dynamic,1.2
20,1500,process/dynamic,12,0.44910687240044356,0.4472883240014198,0.01117332717876459,0.43345954100004747,0.4616919660002168,0.013871293967964092,5,0.3981789339995885,0.04908978900130023,0.046205000000000496,3.834839000000102,3.883023000000108,3353.5415961254525,3341.626638322824,1.3065969566177682,12,4.4506601137979445,0.22253300568989723,4.999582180313709,0.1838797591536917,1.9505539727079664,medium,process,128,dynamic,0.6
20,1500,process/dynamic,6,0.5446909405996848,0.5239329720025125,0.038422485988796454,0.5183385549971717,0.6092967229997157,0.047700169305299654,5,0.4709888299985323,0.05024294299801113,0.0456439999999958,2.869199000000094,2.918167000000089,2862.9616385219724,2764.140354822459,1.0522732314768863,6,3.7995858428072062,0.1899792921403603,4.226699607731365,0.22440692537805673,1.465879093395868,medium,process,256,dynamic,0.3
20,1500,process/dynamic,3,0.8753321097996377,0.8753172450014972,0.009888720621564356,0.8627251399993838,0.889643831000285,0.0122764999640827,5,0.8277929510004469,0.046589847002906026,0.042220999999997844,2.5095629999999574,2.5524979999999573,1713.664398326157,1713.8098582096823,1.0248706415983528,3,2.274293479728308,0.1137146739864154,2.4048625934718504,0.41020735909202577,1.2821930527398155,medium,process,512,dynamic,0.15
20,1500,process/dynamic,1,2.01157689219981,2.015087945997948,0.028441702092086296,1.9764350810000906,2.0517064970008505,0.03530937601275987,5,1.969516613997257,0.04510331900019082,0.040790000000001214,2.0640389999999798,2.104463999999979,744.3843843039532,745.8026381712061,1.0,1,0.9879113747637288,0.04939556873818644,1.0107699974971744,1.012880577139627,1.0571327070740353,medium,process,1500,dynamic,0.05
1,1500,sequential,1,10.276466540600087,10.270427024999663,0.07175607842409454,10.174427406000177,10.34866907399919,0.08908265567490117,5,10.270427024999663,0.0,10.265432000000004,0.0,10.265432000000004,146.0504024174252,145.97027376387376,1.0,1,1.0,1.0,1.0,nan,0.9995136497258098,heavy,sequential,-,,
14,1500,process/dynamic,1500,1.7608717479997722,1.7588989199975913,0.04183752695397245,1.7206710720020055,1.8275772489978408,0.05193982293601288,5,1.7217209709997405,0.03717794899785076,0.27946799999998007,23.984174999999937,24.263642999999917,852.8062544958832,852.229508389279,1.005544834574099,1500,5.839122935508839,0.4170802096792028,5.965209925413176,0.10750925800415997,2.3624765495084867,heavy,process,1,dynamic,107.14285714285714
14,1500,process/dynamic,750,1.878409061000275,1.8851047099997231,0.04467731006669935,1.832474861999799,1.944635540003219,0.05546531411081354,5,1.8349253989981662,0.04064634699898306,0.19285400000001118,25.651264999999967,25.84900399999998,795.711767119939,798.9063253134257,1.0082164384857242,750,5.448199758092573,0.38915712557804094,5.5971905073672845,0.1207427805601131,2.516838290859754,heavy,process,2,dynamic,53.57142857142857
14,1500,process/dynamic,375,1.936144309600786,1.9393928540011984,0.03874837984512928,1.8957972180032812,1.9820605909990263,0.048104755102459304,5,1.9017363189996104,0.038900594001461286,0.1204089999999951,25.84452899999974,25.973241999999743,773.4379328588951,774.9839549545565,1.0148587817326469,375,5.295691898529248,0.37826370703780343,5.400552601531173,0.126435256144254,2.528934964123422,heavy,process,4,dynamic,26.785714285714285
14,1500,process/dynamic,188,2.0142074624003725,2.0373500710011285,0.05953998684966648,1.9434130129993719,2.0823650260026625,0.07391680626788534,5,1.994271719999233,0.04175510900313384,0.07320699999999647,27.32165900000018,27.3875170000002,736.2504958526438,745.2335023109027,1.0214552625717852,188,5.041071326516263,0.36007652332259027,5.149963729618356,0.13670672657889155,2.666638586042736,heavy,process,8,dynamic,13.428571428571429
14,1500,process/dynamic,94,2.0454168867996487,2.0431147210001654,0.024458541810400556,2.01152245999765,2.069907320001221,0.030364422168233624,5,2.000482628998725,0.0421094829980575,0.058487999999982776,27.275560999999925,27.334048999999908,734.1731644250037,733.4309761840976,1.0274115678206683,94,5.026847939293385,0.35906056709238465,5.133974609987082,0.1373111887496695,2.661432570765071,heavy,process,16,dynamic,6.714285714285714
14,1500,process/dynamic,47,2.1465431494005314,2.137706404999335,0.041163714580401044,2.089507560001948,2.1964319969993085,0.05110330849733929,5,2.097595472001558,0.039441105000150856,0.04498999999998432,26.171098999999913,26.216088999999897,701.6866284780891,699.0042543832421,1.1337909236552162,47,4.804414208134843,0.3431724434382031,4.896285848290597,0.14722976050289455,2.552580232174013,heavy,process,32,dynamic,3.357142857142857
14,1500,process/dynamic,24,2.344983360599872,2.3494343200000003,0.030943857445852707,2.309652002997609,2.387650926000788,0.03841571416166626,5,2.311724570001388,0.03793452700119815,0.03731399999998075,25.547941000000037,25.584150000000022,638.4515571390818,639.7523042897546,1.2709071566711245,24,4.371446751062894,0.3122461965044924,4.442755490111651,0.16943085079232503,2.4910502686718483,heavy,process,64,dynamic,1.7142857142857142
14,1500,process/dynamic,12,2.315423241600365,2.3157383690013376,0.029459895944583203,2.273805054999684,2.3492957369999203,0.036573427983886346,5,2.2778736309992382,0.03837185599695658,0.03625499999998283,22.56709899999987,22.60135099999988,647.7415670436359,647.9139229384493,1.2228864359254532,12,4.4350549969203925,0.3167896426371709,4.50877822423113,0.16589760459516112,2.2006242724849723,heavy,process,128,dynamic,0.8571428571428571
14,1500,process/dynamic,6,2.8545887026004495,2.8503084689982643,0.033393406018589124,2.8203282419999596,2.9100588360015536,0.04145674283625937,5,2.8135725560023275,0.037224760999379214,0.03344699999999534,16.36500799999976,16.397884999999775,526.2588299880301,525.5267117504325,1.0346889618788797,6,3.603268606435845,0.2573763290311318,3.6503153270703024,0.22195086075660939,1.596611802029752,heavy,process,256,dynamic,0.42857142857142855
14,1500,process/dynamic,3,4.622649679599272,4.666048518996831,0.0932220976829825,4.501248624001164,4.7256974289994105,0.1157319660099572,5,4.6307338290025655,0.03587687199978973,0.031906999999989694,13.675709999999526,13.707881999999557,321.47115356667786,324.59542971390454,1.0204732055034524,3,2.2010973488993497,0.1572212392070964,2.217883256574878,0.4123433689529259,1.3346944549270099,heavy,process,512,dynamic,0.21428571428571427
14,1500,process/dynamic,1,10.389198631800536,10.302424371999223,0.19703749518351343,10.215735300000233,10.713304476001213,0.24461514235404527,5,10.268292962999112,0.034557192000647774,0.03040300000000684,10.322747000000163,10.353306000000146,145.59679798056305,144.42159998622088,1.0,1,0.9968941924886607,0.07120672803490434,1.0002078302604183,1.0033551361886184,1.0080696717671762,heavy,process,1500,dynamic,0.07142857142857142
20,1500,process/dynamic,1500,1.6464846952003427,1.6302577709975594,0.0646915085344418,1.5743702690015198,1.7448738949969993,0.0803122398328909,5,1.5631879670036142,0.051502682003047084,0.5317490000000191,29.318275000000085,29.845230000000072,920.0998925968288,912.1374768707668,1.0069816973300592,1500,6.299879201750505,0.3149939600875252,6.570180452889781,0.11445600245496718,2.9059385678270813,heavy,process,1,dynamic,75.0
20,1500,process/dynamic,750,1.7397195976009243,1.7213841510019847,0.04038545598503395,1.7051943299993582,1.7955451190027816,0.05013712773607518,5,1.669871369998873,0.05151278100311174,0.3414410000000032,31.147559,31.503625999999997,871.3917803454149,862.5759772558134,1.0127732565324332,750,5.966377126814746,0.2983188563407373,6.1504300328273755,0.12379568278513525,3.0674115032720395,heavy,process,2,dynamic,37.5
20,1500,process/dynamic,375,1.799955179999961,1.8097000620000472,0.04375737288899486,1.7537078309978824,1.8618027570009872,0.054323244356671685,5,1.7343667749992164,0.054742954001994804,0.19961499999999432,33.231236000000536,33.43552000000054,828.8666345859698,833.7459643339895,1.020531479347554,375,5.675209522648176,0.2837604761324088,5.921715736859813,0.13284731390171667,3.2555141006906316,heavy,process,4,dynamic,18.75
20,1500,process/dynamic,188,1.8582256438006879,1.8463650500016229,0.049284645973128205,1.8066044600018358,1.9400124450003204,0.06118516011055247,5,1.7887392669981637,0.05762578300345922,0.1298060000000021,33.42164099999991,33.529058999999904,812.4070589392285,807.6664247793202,1.0354760804114018,188,5.562511608953297,0.2781255804476649,5.741712732809486,0.13660516390330277,3.264621706418386,heavy,process,8,dynamic,9.4
20,1500,process/dynamic,94,1.9239069047995145,1.9078485559984983,0.04230253045404751,1.874451350999152,1.974956641002791,0.05251710847884852,5,1.845511814000929,0.062336741997569334,0.08768899999998325,34.48802799999976,34.57313599999975,786.2259272539349,779.9642067871823,1.0547445102677837,94,5.383250674016154,0.2691625337008077,5.565083326524017,0.14290670130181354,3.3662802837548895,heavy,process,16,dynamic,4.7
20,1500,process/dynamic,47,1.9472248645994115,1.9531310649981606,0.03230414662681942,1.8968303610017756,1.985580853997817,0.04010446548960479,5,1.9003012529974512,0.05282981200070935,0.06761900000000765,33.00423699999965,33.07365899999968,767.9976151530889,770.4982269736925,1.1261171468280657,47,5.25844230786905,0.2629221153934525,5.4046309809034465,0.1475477740469864,3.2202808042444335,heavy,process,32,dynamic,2.35
20,1500,process/dynamic,24,2.1257927292004752,2.123875555000268,0.03218446146757405,2.0783900520000316,2.1585671979992185,0.03995588056043076,5,2.070884042997932,0.052991512002336094,0.055681000000021186,31.965627000000495,32.02279600000048,706.256068755314,705.7493450956179,1.2791558819440918,24,4.835700943409732,0.2417850471704866,4.9594409014478655,0.16504763473145365,3.1179614948874566,heavy,process,64,dynamic,1.2
20,1500,process/dynamic,12,2.358176205599011,2.3607342719988083,0.01866584294468617,2.33230941399961,2.37862021500041,0.023172989612053812,5,2.303214782001305,0.0527958109996689,0.0484909999999843,22.847256999999445,22.895173999999457,635.395528328551,636.1167403690506,1.2172522618907253,12,4.350522270472992,0.21752611352364962,4.459170332380162,0.1893236424042339,2.2292329174112613,heavy,process,128,dynamic,0.6
20,1500,process/dynamic,6,2.8777996600001643,2.83982701900095,0.0931028158525154,2.8105194180025137,3.041184613997757,0.11558388179932112,5,2.7875415809976403,0.05374655400009942,0.04711100000000101,16.332524999999805,16.37911299999979,528.2011861862275,521.6518944264759,1.0306827412544848,6,3.6165678248292727,0.18082839124146363,3.6844031655032583,0.23842658169892333,1.5947840299269669,heavy,process,256,dynamic,0.3
20,1500,process/dynamic,3,4.625162292599271,4.629589421998389,0.052243992371556115,4.56177742699947,4.696220222998818,0.06485908491279462,5,4.580514881999989,0.049074539998400724,0.04457800000000134,13.570278999999573,13.614856999999574,324.00281391530314,324.34600656388045,1.0210054604414265,3,2.218431504141111,0.11092157520705555,2.2421992482459285,0.4218620337616279,1.3256368958037577,heavy,process,512,dynamic,0.15
20,1500,process/dynamic,1,10.421795404799923,10.40877003100104,0.12230513758193881,10.302941825000744,10.618832713997108,0.15183754042535322,5,10.362173919998895,0.04691927200110513,0.04192999999997937,10.456683000001249,10.498613000001228,144.10924590825462,143.94485861316076,1.0,1,0.9867089958189735,0.04933544979094868,0.9911459800127306,1.014178983647816,1.0222177689833274,heavy,process,1500,dynamic,0.05
