section,start_method,workers,parent_rss_gb,parent_dataset,create_s,destroy_s,total_s,per_worker_ms,n_images,mode,tasks,time_mean,time_median,time_std,time_min,time_max,time_ci95,reps,compute_median,pool_setup_median,cpu_main_median,cpu_children_median,cpu_total_median,throughput_median,throughput_mean,imbalance_median,task_count,speedup,efficiency,speedup_compute,amdahl_serial_fraction,cpu_overhead_ratio,level,return_mode,backend,pool,cv2_threads
A_pool_creation,fork,1,0.219,small_100,0.003156853999826126,0.0024567699983890634,0.005613623998215189,5.613623998215189,,,,,,,,,,,,,,,,,,,,,,,,,,,,,
A_pool_creation,fork,2,0.219,small_100,0.005370260998461163,0.003921540002920665,0.009291801001381828,4.645900500690914,,,,,,,,,,,,,,,,,,,,,,,,,,,,,
A_pool_creation,fork,4,0.219,small_100,0.008668643000419252,0.0037340330018196255,0.012402676002238877,3.1006690005597193,,,,,,,,,,,,,,,,,,,,,,,,,,,,,
A_pool_creation,fork,8,0.219,small_100,0.016474116000608774,0.005944053998973686,0.02241816999958246,2.8022712499478075,,,,,,,,,,,,,,,,,,,,,,,,,,,,,
A_pool_creation,fork,14,0.219,small_100,0.026325648999772966,0.004938760001095943,0.03126440900086891,2.2331720714906362,,,,,,,,,,,,,,,,,,,,,,,,,,,,,
A_pool_creation,fork,20,0.219,small_100,0.039260477999050636,0.006218739999894751,0.04547921799894539,2.2739608999472694,,,,,,,,,,,,,,,,,,,,,,,,,,,,,
A_pool_creation,fork,32,0.219,small_100,0.0595108679990517,0.010435014999529812,0.06994588299858151,2.185808843705672,,,,,,,,,,,,,,,,,,,,,,,,,,,,,
A_pool_creation,spawn,1,0.219,small_100,0.4531345670002338,0.0449383779996424,0.4980729449998762,498.0729449998762,,,,,,,,,,,,,,,,,,,,,,,,,,,,,
A_pool_creation,spawn,2,0.219,small_100,0.42766934400060563,0.0824091229987971,0.5100784669994027,255.03923349970137,,,,,,,,,,,,,,,,,,,,,,,,,,,,,
A_pool_creation,spawn,4,0.219,small_100,0.4701429500019003,0.10722338699997636,0.5773663370018767,144.34158425046917,,,,,,,,,,,,,,,,,,,,,,,,,,,,,
A_pool_creation,spawn,8,0.219,small_100,0.49963655000101426,0.23037164800189203,0.7300081980029063,91.25102475036329,,,,,,,,,,,,,,,,,,,,,,,,,,,,,
A_pool_creation,spawn,14,0.219,small_100,0.5874086999974679,0.3773180640018836,0.9647267639993515,68.90905457138226,,,,,,,,,,,,,,,,,,,,,,,,,,,,,
A_pool_creation,spawn,20,0.219,small_100,0.9076920010011236,0.2852224960006424,1.192914497001766,59.6457248500883,,,,,,,,,,,,,,,,,,,,,,,,,,,,,
A_pool_creation,spawn,32,0.219,small_100,0.951837198001158,0.9694305509983678,1.9212677489995258,60.03961715623518,,,,,,,,,,,,,,,,,,,,,,,,,,,,,
A_pool_creation,forkserver,1,0.219,small_100,0.011128938000183553,0.004817190998437582,0.015946128998621134,15.946128998621134,,,,,,,,,,,,,,,,,,,,,,,,,,,,,
A_pool_creation,forkserver,2,0.219,small_100,0.008051681001234101,0.0030185290015651844,0.011070210002799286,5.535105001399643,,,,,,,,,,,,,,,,,,,,,,,,,,,,,
A_pool_creation,forkserver,4,0.219,small_100,0.007566332002170384,0.002822712998749921,0.010389045000920305,2.5972612502300763,,,,,,,,,,,,,,,,,,,,,,,,,,,,,
A_pool_creation,forkserver,8,0.219,small_100,0.014425933000893565,0.004448157000297215,0.01887409000119078,2.3592612501488475,,,,,,,,,,,,,,,,,,,,,,,,,,,,,
A_pool_creation,forkserver,14,0.219,small_100,0.0201372369992896,0.003848899999866262,0.02398613699915586,1.7132954999397043,,,,,,,,,,,,,,,,,,,,,,,,,,,,,
A_pool_creation,forkserver,20,0.219,small_100,0.03466400099932798,0.0050563049990159925,0.039720305998343974,1.9860152999171985,,,,,,,,,,,,,,,,,,,,,,,,,,,,,
A_pool_creation,forkserver,32,0.219,small_100,0.04817366199858952,0.008133603001624579,0.0563072650002141,1.7596020312566907,,,,,,,,,,,,,,,,,,,,,,,,,,,,,
A_pool_creation,fork,1,2.334,full_3000,0.003739357001904864,0.0028239160019438714,0.006563273003848735,6.563273003848735,,,,,,,,,,,,,,,,,,,,,,,,,,,,,
A_pool_creation,fork,2,2.334,full_3000,0.006285198996920371,0.003682626997033367,0.009967825993953738,4.983912996976869,,,,,,,,,,,,,,,,,,,,,,,,,,,,,
A_pool_creation,fork,4,2.334,full_3000,0.01023596999948495,0.003080124002735829,0.01331609400222078,3.329023500555195,,,,,,,,,,,,,,,,,,,,,,,,,,,,,
A_pool_creation,fork,8,2.334,full_3000,0.01811426600033883,0.0033068000011553522,0.021421066001494182,2.677633250186773,,,,,,,,,,,,,,,,,,,,,,,,,,,,,
A_pool_creation,fork,14,2.334,full_3000,0.032859514001756907,0.004074905999004841,0.03693442000076175,2.638172857197268,,,,,,,,,,,,,,,,,,,,,,,,,,,,,
A_pool_creation,fork,20,2.334,full_3000,0.046782410998275736,0.004991120000340743,0.05177353099861648,2.588676549930824,,,,,,,,,,,,,,,,,,,,,,,,,,,,,
A_pool_creation,fork,32,2.334,full_3000,0.07180975299706915,0.008426427000813419,0.08023617999788257,2.5073806249338304,,,,,,,,,,,,,,,,,,,,,,,,,,,,,
A_pool_creation,spawn,1,2.334,full_3000,0.4806398499968054,0.045427414999721805,0.5260672649965272,526.0672649965272,,,,,,,,,,,,,,,,,,,,,,,,,,,,,
A_pool_creation,spawn,2,2.334,full_3000,0.4447425930011377,0.07499524699960602,0.5197378400007437,259.8689200003719,,,,,,,,,,,,,,,,,,,,,,,,,,,,,
A_pool_creation,spawn,4,2.334,full_3000,0.4662202760009677,0.12027383199892938,0.5864941079998971,146.62352699997427,,,,,,,,,,,,,,,,,,,,,,,,,,,,,
A_pool_creation,spawn,8,2.334,full_3000,0.49965341400093166,0.2225178879998566,0.7221713020007883,90.27141275009853,,,,,,,,,,,,,,,,,,,,,,,,,,,,,
A_pool_creation,spawn,14,2.334,full_3000,0.5949934839991329,0.3858196479995968,0.9808131319987297,70.05808085705212,,,,,,,,,,,,,,,,,,,,,,,,,,,,,
A_pool_creation,spawn,20,2.334,full_3000,0.8200927510006295,0.38016325200078427,1.2002560030014138,60.01280015007069,,,,,,,,,,,,,,,,,,,,,,,,,,,,,
A_pool_creation,spawn,32,2.334,full_3000,1.0397116419990198,0.9312747719995969,1.9709864139986166,61.59332543745677,,,,,,,,,,,,,,,,,,,,,,,,,,,,,
B_ipc,,1,,,,,,,1500,sequential,1,0.45391160720027984,0.44931101399924955,0.00895201026018021,0.4446454549979535,0.46629363700049,0.01111360689045179,5,0.44931101399924955,0.0,0.44903200000000076,0.0,0.44903200000000076,3338.4447593410327,3305.628900291682,1.0,1,1.0,1.0,1.0,nan,0.9993790181176168,light,reduce,sequential,,
B_ipc,,2,,,,,,,1500,process/dynamic,94,0.25165515239932573,0.24901634300113074,0.00513167224211756,0.24855592499807244,0.26059318499756046,0.006370791177845435,5,0.23813696700017317,0.01151005800056737,0.022024999999999295,0.48213900000001786,0.5018180000000285,6023.701022680221,5962.4744708467,1.0023218101315654,94,1.8043434763525112,0.9021717381762556,1.8867755798658628,0.1084364070431918,1.116861114828729,light,reduce,process,,
B_ipc,,4,,,,,,,1500,process/dynamic,94,0.15197174179993453,0.1512474219998694,0.0025994002264278764,0.14952456500031985,0.1564055119997647,0.0032270642490181017,5,0.13559226200231933,0.01597167799991439,0.027299000000001072,0.5526090000000181,0.5815060000000187,9917.524412424664,9872.527475723311,1.0092375763483237,94,2.970701966739225,0.7426754916848063,3.3136921485354676,0.11549436741271608,1.2942171054836193,light,reduce,process,,
B_ipc,,8,,,,,,,1500,process/dynamic,94,0.11379994000017177,0.11408963299982133,0.00368593243703007,0.10897061200012104,0.11898373100120807,0.0045759558958651725,5,0.08900513000116916,0.025291255002230173,0.03432299999999877,0.7278580000000261,0.7645310000000265,13147.557412182658,13192.067683753583,1.027318260446912,94,3.938228234987426,0.49227852937342825,5.048147381991885,0.14733861895877734,1.7015630068692316,light,reduce,process,,
B_ipc,,14,,,,,,,1500,process/dynamic,94,0.12284223999959068,0.12362622000000556,0.00921393391941119,0.113320272997953,0.13556568200147012,0.011438775930633738,5,0.07739788900289568,0.04533854599867482,0.05397999999999925,1.087787999999989,1.1417679999999883,12133.348411040413,12265.2104141004,1.0919417642679101,94,3.634431385180501,0.2596022417986072,5.805210190970964,0.21938821989057647,2.5411529306555023,light,reduce,process,,
B_ipc,,20,,,,,,,1500,process/dynamic,94,0.13088467459892855,0.12521841299894731,0.015016887658043982,0.12097161599740502,0.15753568899890524,0.01864293955201727,5,0.06875794000006863,0.056385176998446696,0.07719399999999865,1.2872810000000072,1.3744270000000078,11979.068925051863,11566.719945480789,1.1081293414522833,94,3.588218403654635,0.17941092018273175,6.53467823496168,0.24072614361356962,3.058965743497896,light,reduce,process,,
B_ipc,,1,,,,,,,1500,sequential,1,0.43859068820020186,0.43858053700023447,0.001251086130423207,0.4368913530015561,0.4398174689995358,0.001553179569226736,5,0.43858053700023447,0.0,0.43814300000000017,0.0,0.43814300000000017,3420.124409212436,3420.067527511577,1.0,1,1.0,1.0,1.0,nan,0.9990023793503767,light,array,sequential,,
B_ipc,,2,,,,,,,1500,process/dynamic,94,0.4461387470000773,0.41809338800158,0.06602636907874397,0.404820629999449,0.5618205110004055,0.08196942239991024,5,0.40237776200228836,0.016081514997495105,0.3924030000000016,0.5954179999999951,0.974241999999947,3587.7151924591817,3413.0405867894174,1.0131333822062174,94,1.0490013704750982,0.5245006852375491,1.0899721068525159,0.9065752021793732,2.2213525631198405,light,array,process,,
B_ipc,,4,,,,,,,1500,process/dynamic,94,0.3187937778013293,0.3215902999982063,0.009836356867566773,0.30249872500280617,0.3284398510004394,0.012211492199309905,5,0.2974696969977231,0.023015343005681643,0.38457899999999867,0.6754190000000335,1.0655490000000576,4664.319788278335,4708.923649616795,1.0245517351453286,94,1.363786584989288,0.340946646247322,1.474370470090577,0.6443367420353917,2.429540096074733,light,array,process,,
B_ipc,,8,,,,,,,1500,process/dynamic,94,0.33002094999974363,0.3260459279990755,0.00932994115115032,0.3212836589991639,0.34439511399978073,0.011582794841752847,5,0.29376415600199834,0.03465377099928446,0.38289100000000076,0.7763840000000073,1.157177000000008,4600.578848524227,4548.022245723614,1.070407968658253,94,1.3451495612651174,0.16814369515813968,1.492968178858591,0.7067562947611113,2.638459535652831,light,array,process,,
B_ipc,,14,,,,,,,1500,process/dynamic,94,0.3662385889998404,0.3759142189992417,0.03208371757449556,0.32810867199805216,0.4091201670016744,0.039830810549143086,5,0.3064542320025794,0.06109632399966358,0.43672600000000017,0.982264999999984,1.424561999999984,3990.272046620896,4120.934385600531,1.2030690812815843,94,1.1667037713226782,0.08333598366590558,1.4311453104571354,0.846124489557472,3.248119512424288,light,array,process,,
B_ipc,,20,,,,,,,1500,process/dynamic,94,0.38305893619908604,0.38596590899760486,0.009696230658921381,0.36903162299859105,0.39386749299956136,0.012037530423946284,5,0.2942961689986987,0.08601946199632948,0.44331499999999835,1.1728819999999587,1.6053789999999957,3886.3536002328856,3917.8758825750047,1.201262891745062,94,1.136319365975289,0.05681596829876445,1.4902692702132108,0.8737202992888241,3.6603972692913582,light,array,process,,
B_ipc,,1,,,,,,,1500,sequential,1,8.791580606600473,8.792876940002316,0.038054767898191205,8.741907592000643,8.846997289001592,0.0472436601876021,5,8.792876940002316,0.0,8.78839,0.0,8.78839,170.59262972007488,170.62033911283828,1.0,1,1.0,1.0,1.0,nan,0.9994897074037391,heavy,reduce,sequential,,
B_ipc,,2,,,,,,,1500,process/dynamic,94,4.589056369999161,4.5930721299992,0.055356572432416824,4.501785049997125,4.655028212997422,0.06872324393474462,5,4.576867563999258,0.014834599998721387,0.02804299999999671,9.149056000000087,9.177471000000082,326.57880336842464,326.9028970453086,1.0014028956909313,94,1.914378152821181,0.9571890764105905,1.9211560782674508,0.04472567086739887,1.0437392747131595,heavy,reduce,process,,
B_ipc,,4,,,,,,,1500,process/dynamic,94,2.789825870799541,2.7957930599986867,0.021225931815031514,2.7637000149989035,2.816703903998132,0.026351250190708043,5,2.7742546099980245,0.02101651499833679,0.03461400000000481,10.904473000000053,10.940012000000038,536.5203961128312,537.6928748650688,1.0180168441566328,94,3.145038545880948,0.786259636470237,3.1694556470462447,0.09061483578516534,1.2441902774994549,heavy,reduce,process,,
B_ipc,,8,,,,,,,1500,process/dynamic,94,2.006930035399273,1.9841760599992995,0.07439386904975519,1.9409363160011708,2.1337717379974492,0.09235738025864189,5,1.9520906359975925,0.032239827000012156,0.049548999999998955,15.29486200000008,15.347293000000093,755.9813013773231,748.202772956903,1.031420931841541,94,4.43150036796907,0.5539375459961338,4.50433846556967,0.11503680906887433,1.7454233813030084,heavy,reduce,process,,
B_ipc,,14,,,,,,,1500,process/dynamic,94,1.7045172265992732,1.6894234110004618,0.03387517196545603,1.6804972169993562,1.7608169889972487,0.042054838369114285,5,1.6365023599973938,0.05291531699913321,0.0641040000000146,22.332873000000177,22.395519000000178,887.8768876013818,880.287598698771,1.0336089003505764,94,5.204661473700812,0.37176153383577226,5.37296930021923,0.1299920283848814,2.5470069867706213,heavy,reduce,process,,
B_ipc,,20,,,,,,,1500,process/dynamic,94,1.6636151257996972,1.6754492849977396,0.027843502779132265,1.6269916760029446,1.6944436569974641,0.03456673253793262,5,1.5800054280007316,0.07419694499913021,0.10342299999999227,27.97364300000004,28.095167000000032,895.2822466375183,901.8539251877455,1.0705213467372223,94,5.248071080835,0.26240355404175003,5.565092868781109,0.1479433680634271,3.1952189473031147,heavy,reduce,process,,
B_ipc,,1,,,,,,,1500,sequential,1,9.017595785600133,8.987997411000833,0.10666114543793956,8.898273331000382,9.17244861600193,0.132416072639611,5,8.987997411000833,0.0,8.98378099999998,0.0,8.98378099999998,166.8892336533252,166.35998846310645,1.0,1,1.0,1.0,1.0,nan,0.9995308842662,heavy,array,sequential,,
B_ipc,,2,,,,,,,1500,process/dynamic,94,5.06368783479993,5.008498322000378,0.15071611440107252,4.937284329000249,5.321068206998461,0.18710877208893648,5,4.98400658799801,0.02599574000123539,0.6093919999999855,9.508170999999948,10.1328179999999,299.4909658671713,296.4305463667504,1.0021256350882106,94,1.79454935055485,0.897274675277425,1.8033678833099531,0.11448592895014431,1.127372153845735,heavy,array,process,,
B_ipc,,4,,,,,,,1500,process/dynamic,94,3.0375596872007007,3.039800267000828,0.03843244736911158,2.9846406659999047,3.08499671699974,0.04771253600972593,5,2.9903738479988533,0.05081319800228812,0.4853999999999701,11.471471999999949,11.930063999999959,493.4534733362438,493.8808454818121,1.019123038333209,94,2.956772360530352,0.739193090132588,3.005643397067416,0.11760883290572581,1.3273328255967443,heavy,array,process,,
B_ipc,,8,,,,,,,1500,process/dynamic,94,2.176081064400205,2.1370345809991704,0.10523391542469535,2.097206612001173,2.359526909000124,0.13064421661527137,5,2.033250250002311,0.10577091300001484,0.7385329999999897,15.343846999999869,16.06176600000026,701.9072191609904,690.5356200534638,1.0329013596209973,94,4.205826845721184,0.525728355715148,4.420507220392874,0.1288747150579859,1.7870238792393853,heavy,array,process,,
B_ipc,,14,,,,,,,1500,process/dynamic,94,2.0283337155997287,2.054668925000442,0.12033166934463241,1.8841811540005438,2.1905955000001995,0.14938754879634733,5,1.8731341820021044,0.16043335599897546,0.8641240000000039,24.382505000000037,25.29618700000006,730.0446226389867,741.6040098924301,1.048067865469957,94,4.374426118796195,0.3124590084854425,4.798373494734899,0.16926306216742326,2.814440841854145,heavy,array,process,,
B_ipc,,20,,,,,,,1500,process/dynamic,94,1.9551069186010863,1.9550858500006143,0.1422347957156187,1.7398193980006909,2.1343361210019793,0.17657951228658234,5,1.7688580239992007,0.22938797399910982,1.2208089999999743,30.15294199999994,31.368928000000068,767.229735716991,770.5897141949905,1.095570280785883,94,4.597239252178112,0.22986196260890562,5.081242976573057,0.17633879244425435,3.490090902964231,heavy,array,process,,
C_persistent,,1,,,,,,,3000,sequential,1,0.9643633774001501,0.9578625479989569,0.011082945704148561,0.9547707029996673,0.979179619000206,0.01375908853590266,5,0.9578625479989569,0.0,0.9569199999999967,0.0,0.9569199999999967,3131.9733778789177,3111.18767682401,1.0,1,1.0,1.0,1.0,nan,0.9990159882532945,light,,,sequential,
C_persistent,,8,,,,,,,3000,process/dynamic,188,0.22935947139994822,0.2283688399984385,0.0024792837223543817,0.22672361999866553,0.2323811750029563,0.0030779438203624157,5,0.1849265060009202,0.043313450001733145,0.06330900000000383,1.5195169999999507,1.5859829999999704,13136.643335494076,13081.1241573193,1.016014756539446,188,4.194366219163291,0.5242957773954113,5.17969310464445,0.12961719131893315,1.6557521779228157,light,,,fresh,
C_persistent,,8,,,,,,,3000,process-persistent/dynamic,188,0.19202630779909668,0.19107167799666058,0.007740804027353604,0.18424201699963305,0.2005858310003532,0.009609936815946208,5,0.19107167799666058,0.0,0.026360999999980095,0.0,0.026360999999980095,15700.914083417596,15643.121539564847,1.0159445420092708,188,5.0131058566183615,0.6266382320772952,5.0131058566183615,0.08511672714369294,0.02752065007140127,light,,,persistent,
C_persistent,,14,,,,,,,3000,process/dynamic,188,0.22469041160002234,0.22526786099842866,0.001776480129493982,0.2226624390023062,0.22701395900003263,0.0022054377993415706,5,0.15713290799976676,0.06785333800144144,0.08647699999997371,2.212917999999945,2.2980809999999394,13317.478963503481,13352.372083252896,1.0438364780581264,188,4.252104777634651,0.3037217698310465,6.095874888284882,0.17634515921905894,2.3991761707363906,light,,,fresh,
C_persistent,,14,,,,,,,3000,process-persistent/dynamic,188,0.16117635199989308,0.1596089150007174,0.004264402295628195,0.15755120099856867,0.167636988000595,0.005294105944802378,5,0.1596089150007174,0.0,0.02853400000000761,0.0,0.02853400000000761,18795.942569915445,18623.41833120435,1.033609547391885,188,6.0013098140204235,0.42866498671574454,6.0013098140204235,0.10252492864516419,0.02978924278814029,light,,,persistent,
C_persistent,,20,,,,,,,3000,process/dynamic,188,0.2584510446002241,0.25038305400084937,0.02248274582845401,0.2444560840012855,0.2984000059987011,0.02791154072586516,5,0.15200044800076284,0.09775459600132308,0.15909500000003618,2.9723509999998896,3.1210030000001154,11981.6415370899,11671.140820927378,1.0472926703374328,188,3.8255885639756895,0.19127942819878446,6.301708715977927,0.22252388049216834,3.2582994360935325,light,,,fresh,
C_persistent,,20,,,,,,,3000,process-persistent/dynamic,188,0.15499493880051887,0.1547258470018278,0.0028196957564758937,0.15233073299896205,0.1589826550007274,0.0035005534262554936,5,0.1547258470018278,0.0,0.053588000000019065,0.0,0.053588000000019065,19389.132831598334,19360.565179374797,1.0514143467621424,188,6.190708059188337,0.30953540295941684,6.190708059188337,0.11740253813315481,0.05594539645794505,light,,,persistent,
C_persistent,,1,,,,,,,3000,sequential,1,3.7072046708002744,3.7062123869982315,0.04389807964863837,3.650205673002347,3.769097086002148,0.054497926865746,5,3.7062123869982315,0.0,3.702875000000006,0.0,3.702875000000006,809.4517223363409,809.3257042166271,1.0,1,1.0,1.0,1.0,nan,0.9990995154487278,medium,,,sequential,
C_persistent,,8,,,,,,,3000,process/dynamic,188,0.7605257923998578,0.7622161569997843,0.006945327869777624,0.7527925819995289,0.7700770550000016,0.008622381054828416,5,0.7176465100019414,0.0435016640003596,0.07540599999998676,5.733005999999932,5.8085829999999135,3935.8913773338563,3944.9021928244574,1.0152184764193897,188,4.862416458851423,0.6078020573564279,5.164398259232398,0.09218178326707134,1.5672558378945067,medium,,,fresh,
C_persistent,,8,,,,,,,3000,process-persistent/dynamic,188,0.75477695199952,0.741976364999573,0.03230913247996289,0.7319881859984889,0.8094139390013879,0.040110655251483926,5,0.741976364999573,0.0,0.03554700000000821,0.0,0.03554700000000821,4043.255474858322,3980.2769891757207,1.0139617776173298,188,4.995054508239443,0.6243818135299304,4.995054508239443,0.08594058917400453,0.00959119345796552,medium,,,persistent,
C_persistent,,14,,,,,,,3000,process/dynamic,188,0.7198711483993975,0.6979538979976496,0.03763898263531341,0.6904153340001358,0.7726160019992676,0.04672747736070999,5,0.6307996930008812,0.06778175900035421,0.09914299999999798,8.708930999999893,8.805686999999864,4298.27816508606,4176.315847218213,1.0264774046509697,188,5.310110592735327,0.3792936137668091,5.875418818558388,0.12588307148302166,2.3759261695015392,medium,,,fresh,
C_persistent,,14,,,,,,,3000,process-persistent/dynamic,188,0.6778291815993726,0.6472322869994969,0.04995284168784424,0.6398890519994893,0.7568218129999877,0.06201470166417095,5,0.6472322869994969,0.0,0.041593000000005986,0.0,0.041593000000005986,4635.121053536583,4444.182337853035,1.0283764524393526,188,5.726247687951193,0.4090176919965138,5.726247687951193,0.11114477057661648,0.011222508495713426,medium,,,persistent,
C_persistent,,20,,,,,,,3000,process/dynamic,188,0.6981198012013919,0.6983307150003384,0.018441365115392964,0.6795022000005702,0.7267999000032432,0.022894308256930295,5,0.6027494200025103,0.09573075699881883,0.15000899999998296,11.132994000000053,11.282200000000046,4295.958828044026,4299.621284484068,1.0565715364873973,188,5.307245274177058,0.2653622637088529,6.148844385421053,0.14570701754996224,3.044132073914368,medium,,,fresh,
C_persistent,,20,,,,,,,3000,process-persistent/dynamic,188,0.6712199549998331,0.6647527710010763,0.013673939639140702,0.6610440279982868,0.6943625839994638,0.016975716668818558,5,0.6647527710010763,0.0,0.06575600000002169,0.0,0.06575600000002169,4512.9559903634345,4470.927788872547,1.046869130703954,188,5.575324464487611,0.27876622322438055,5.575324464487611,0.1361702720753251,0.01774210248465533,medium,,,persistent,
C_persistent,,1,,,,,,,3000,sequential,1,18.03597464419945,18.067251372998726,0.11619369952521896,17.876405318998877,18.17482985300012,0.14425040433818304,5,18.067251372998726,0.0,18.059184999999957,0.0,18.059184999999957,166.04628662461968,166.33976404466353,1.0,1,1.0,1.0,1.0,nan,0.9995535362390084,heavy,,,sequential,
C_persistent,,8,,,,,,,3000,process/dynamic,188,3.83981586039954,3.8200389009980427,0.11852391582747898,3.672976521000237,3.9562986939999973,0.1471432861826369,5,3.7650627280017943,0.04604521999863209,0.07987699999995357,29.936631999999918,30.027192999999897,785.3323166987134,781.8885760620251,1.0156904665082016,188,4.729598792378367,0.5911998490472958,4.7986587948794766,0.09878219972278789,1.661967965136919,heavy,,,fresh,
C_persistent,,8,,,,,,,3000,process-persistent/dynamic,188,4.176942089200748,4.183179543000733,0.12423666061994065,3.977046716001496,4.293364432000089,0.1542354585599747,5,4.183179543000733,0.0,0.047125999999991564,0.0,0.047125999999991564,717.1578387113647,718.7492161865854,1.0170666063385214,188,4.319023648704901,0.5398779560881126,4.319023648704901,0.12175292548546489,0.0026083657678234754,heavy,,,persistent,
C_persistent,,14,,,,,,,3000,process/dynamic,188,3.595272446200397,3.6039987379990635,0.1531108833823741,3.3793893789988942,3.756038499999704,0.19008179382127505,5,3.5296715869990294,0.07432715100003406,0.11816299999998137,47.62730799999963,47.74191999999965,832.4087265539935,835.6590759047427,1.0269786248640789,188,5.01311256924292,0.35807946923163714,5.118677737483143,0.1378981667749703,2.6424561774432016,heavy,,,fresh,
C_persistent,,14,,,,,,,3000,process-persistent/dynamic,188,3.6545421026006806,3.669970728999033,0.044636041522664656,3.595594301001256,3.705179594002402,0.0554140806602239,5,3.669970728999033,0.0,0.050789000000008855,0.0,0.050789000000008855,817.4452118363995,820.9945619831284,1.0226729759424427,188,4.922996041967474,0.3516425744262482,4.922996041967474,0.14183051697432641,0.0028111082837930933,heavy,,,persistent,
C_persistent,,20,,,,,,,3000,process/dynamic,188,3.3735126243991544,3.349179999997432,0.14599274835544823,3.176116524999088,3.579903194000508,0.18124487873927453,5,3.247114050998789,0.10206594899864285,0.1590089999999691,62.860281000000214,63.01381900000018,895.741644224049,890.612393430134,1.0324046248085514,188,5.394529817153028,0.26972649085765144,5.564095097750376,0.14249786043404117,3.4877368836619786,heavy,,,fresh,
C_persistent,,20,,,,,,,3000,process-persistent/dynamic,188,3.3948205847984356,3.410460148999846,0.05516758362123472,3.3311460359982448,3.450589255997329,0.06848862095140039,5,3.410460148999846,0.0,0.08347500000002128,0.0,0.08347500000002128,879.6466954407259,883.8864887374008,1.0381521462075636,188,5.297599321985082,0.2648799660992541,5.297599321985082,0.1460681555869023,0.004620237925331221,heavy,,,persistent,
D_backend,,1,,,,,,,1500,sequential,1,0.5113364473996626,0.5021258380002109,0.01770564662070534,0.49452074199871277,0.5324041120002221,0.021980939539250944,5,0.5021258380002109,0.0,0.5018010000000004,0.0,0.5018010000000004,2987.298972651891,2936.275442352495,1.0,1,1.0,1.0,1.0,nan,0.9993530745171285,light,,sequential,,
D_backend,,2,,,,,,,1500,thread/dynamic,94,0.3104374900001858,0.305663736002316,0.016297622246703482,0.29692892800085247,0.3387321490008617,0.02023292664270226,5,0.30534365700077615,1.5006000467110425e-05,0.5267146820000335,0.0,0.5267146820000335,4907.353484643119,4841.972210925085,nan,94,1.6427393205597878,0.8213696602798939,1.6444613355729036,0.21747861938221003,1.0489694856129117,light,,thread,,
D_backend,,4,,,,,,,1500,thread/dynamic,94,0.33810958979956923,0.33904237499882584,0.03137177670958053,0.3053952499976731,0.3824773659980565,0.03894696092520905,5,0.3387877080022008,1.6477999452035874e-05,0.6059457079999788,0.0,0.6059457079999788,4424.225732860663,4466.509001766605,nan,94,1.481012035743172,0.370253008935793,1.4821253136992474,0.5669519453506218,1.206760660660773,light,,thread,,
D_backend,,8,,,,,,,1500,thread/dynamic,94,0.786278749799385,0.6560759210005926,0.36655454300434875,0.5224407899986545,1.4045707669974945,0.4550646141437208,5,0.6556166429982113,1.4912999176885933e-05,1.030214624999985,0.0,1.030214624999985,2286.320762561022,2179.7721201045,nan,94,0.7653471525588231,0.09566839406985289,0.765883299886853,1.3503961331708292,2.0517060605822723,light,,thread,,
D_backend,,14,,,,,,,1500,thread/dynamic,94,1.7084251733998825,2.01691222899899,0.7192068315745629,0.6251025669989758,2.345664985001349,0.892870066805102,5,2.0159745089986245,1.6219000826822594e-05,2.9051375280000116,0.0,2.9051375280000116,743.7110938359783,1116.0597806725343,nan,94,0.24895770414829607,0.01778269315344972,0.2490735055224617,4.248803980238362,5.785676235204592,light,,thread,,
D_backend,,20,,,,,,,1500,thread/dynamic,94,1.6879826046002564,2.0390682949982875,0.711613435026189,0.6230633340019267,2.375660487999994,0.8834431312063661,5,2.036372068003402,1.3531996955862269e-05,2.96707483900002,0.0,2.96707483900002,735.6300932535758,1126.5665141741013,nan,94,0.24625258468875005,0.012312629234437503,0.24657863162134674,4.221969559870475,5.909026412217356,light,,thread,,
D_backend,,2,,,,,,,1500,process/dynamic,94,0.2515360388002591,0.25198334800006705,0.0014523190187241126,0.24994231399978162,0.25326256699918304,0.001803003145050189,5,0.23874687799980165,0.012939455999003258,0.022650999999996202,0.4855370000000221,0.5075809999999592,5952.774307926097,5963.519315540385,1.0009718722115666,94,1.992694525195678,0.996347262597839,2.103172373213727,0.0036661288079791188,1.0108641332249984,light,,process,,
D_backend,,4,,,,,,,1500,process/dynamic,94,0.16266060719863162,0.15958070299893734,0.008628865454286788,0.15512770199711667,0.1760299829984433,0.010712433943033995,5,0.140498373999435,0.01908232899950235,0.032448000000044885,0.5732850000003964,0.6057330000004413,9399.632736359035,9241.76821897757,1.011222241553335,94,3.1465323097589977,0.7866330774397494,3.573890741271,0.09041357344337071,1.2063370457351108,light,,process,,
D_backend,,8,,,,,,,1500,process/dynamic,94,0.11928465699820663,0.1201209619975998,0.002067182362059893,0.11582084399924497,0.12115910299689858,0.0025663344293739396,5,0.09052012999745784,0.029321132999029942,0.03839299999998502,0.75080300000036,0.7897759999996197,12487.412480346038,12578.034799379944,1.0282102362934946,94,4.180168304098698,0.5225210380123373,5.547117950607369,0.1305426486623899,1.5728646889493225,light,,process,,
D_backend,,14,,,,,,,1500,process/dynamic,94,0.1235806616001355,0.12350763200083748,0.001941558047244163,0.12127984099788591,0.12598823000007542,0.0024103762467795114,5,0.07668430400008219,0.04652847799661686,0.05462499999998727,1.0436469999999645,1.0985869999996112,12144.99845636931,12140.216899941213,1.118728135778297,94,4.065545018277139,0.29039607273408136,6.54796107948861,0.18796713388055253,2.187871877645041,light,,process,,
D_backend,,20,,,,,,,1500,process/dynamic,94,0.1367270685994299,0.13691158599976916,0.0013632708798787757,0.13482611200015526,0.1380299339980411,0.0016924530026027962,5,0.0719901589982328,0.06431652399987797,0.08611000000001923,1.3991210000003775,1.4918350000003784,10955.975632351006,10971.636620869527,1.0894578289994115,94,3.6675189636694263,0.1833759481834713,6.97492330878915,0.23438304575526417,2.9710381085781763,light,,process,,
D_backend,,1,,,,,,,1500,sequential,1,1.8635586326003248,1.8515140279996558,0.027274827345051593,1.8398935420009366,1.9089313240001502,0.033860741923652155,5,1.8515140279996558,0.0,1.850733000000048,0.0,1.850733000000048,810.1477911137267,805.0477317269216,1.0,1,1.0,1.0,1.0,nan,0.9995781679275465,medium,,sequential,,
D_backend,,2,,,,,,,1500,thread/dynamic,94,1.1276362525997683,1.111339200000657,0.03754068588360637,1.1061362369982817,1.1945009830014897,0.046605445389640926,5,1.1111447230032354,1.4463999832514673e-05,1.9014621889999717,0.0,1.9014621889999717,1349.7229288763622,1331.3472571597486,nan,94,1.666020624484911,0.8330103122424555,1.6663122180838226,0.20046533074483786,1.0269769282030659,medium,,thread,,
D_backend,,4,,,,,,,1500,thread/dynamic,94,0.976082829200459,0.9643099899985828,0.035071790566702,0.9520260870012862,1.0377641440027219,0.04354039841043871,5,0.9640501819994824,1.408899697707966e-05,2.2219919629999936,0.0,2.2219919629999936,1555.516395720638,1538.276651997806,nan,94,1.9200402849734834,0.48001007124337086,1.9205577288098576,0.36109654075222375,1.2000945871312656,medium,,thread,,
D_backend,,8,,,,,,,1500,thread/dynamic,94,1.2710789905991988,1.2355117150000297,0.11446877008831764,1.1755128709992277,1.4701878939995368,0.14210896491638508,5,1.2350247409995063,1.4434001059271395e-05,2.8903872500000034,0.0,2.8903872500000034,1214.07185523932,1187.095840691857,nan,94,1.4985807139834457,0.18732258924793072,1.499171608903336,0.6197692089923095,1.561093897367188,medium,,thread,,
D_backend,,14,,,,,,,1500,thread/dynamic,94,3.7017778661997,3.366028569998889,1.279985539026264,2.525015962000907,5.608512654998776,1.5890571718261828,5,3.3649507379996066,1.5124998753890395e-05,7.070586284000001,0.0,7.070586284000001,445.62901615552687,442.525245935614,nan,94,0.5500589164637621,0.03928992260455444,0.550235106591885,1.8809091564791873,3.818813239907743,medium,,thread,,
D_backend,,20,,,,,,,1500,thread/dynamic,94,5.158470100999693,5.221761894998053,1.2406508634985192,3.2937989050005854,6.787637370998709,1.5402245511886334,5,5.2202194729979965,1.5041001461213455e-05,10.469971124999915,0.0,10.469971124999915,287.25936382447003,307.14824606924583,nan,94,0.3545764945301754,0.01772882472650877,0.35468126150188906,2.9160693789154393,5.654815986628789,medium,,thread,,
D_backend,,2,,,,,,,1500,process/dynamic,94,0.9426537022001866,0.9338104070011468,0.022078899855899947,0.9257537550001871,0.9810578049982723,0.02741018010933168,5,0.9183268079978006,0.01413251000121818,0.024529999999913343,1.8448029999999562,1.86903099999995,1606.321785186699,1591.9326728253877,1.0008877140245438,94,1.982751545836415,0.9913757729182076,2.0161820518301696,0.008699251401319108,1.0094608907820262,medium,,process,,
D_backend,,4,,,,,,,1500,process/dynamic,94,0.5501076695996744,0.5478382659966883,0.007227137579918901,0.544393759999366,0.5625984220023383,0.008972237930032587,5,0.5276642800017726,0.02024330900167115,0.03044199999999364,2.105144999999993,2.136340999999902,2738.0343672617196,2727.110037558742,1.0108997873926182,94,3.379672693420157,0.8449181733550393,3.5088864229987977,0.06118218763092553,1.1538346281437406,medium,,process,,
D_backend,,8,,,,,,,1500,process/dynamic,94,0.4012431381997885,0.3796409759997914,0.04073543701704575,0.37803231900034007,0.47286652399998275,0.05057161691737059,5,0.3474206939972646,0.03210978400238673,0.04463199999997869,2.7374379999996563,2.7826349999996864,3951.1014216780018,3766.0043521412235,1.0321932143896364,94,4.877013138857469,0.6096266423571837,5.329314171522073,0.09147832237904027,1.502897065816994,medium,,process,,
D_backend,,14,,,,,,,1500,process/dynamic,94,0.358572591200209,0.3573819260018354,0.0061635900440448685,0.35221331100183306,0.36686842599738156,0.007651880951043297,5,0.30437910800173995,0.04979162499876111,0.06322199999999611,4.033928999999716,4.099530999999729,4197.190430923741,4184.2377234073265,1.0804210178367173,94,5.180771307360818,0.37005509338291553,6.0829208685015,0.13094617902979427,2.2141506561680186,medium,,process,,
D_backend,,20,,,,,,,1500,process/dynamic,94,0.3490300000004936,0.3475479219996487,0.0033884582922755362,0.34601377000217326,0.3540461279990268,0.004206652174266367,5,0.2768191430004663,0.07075908199840342,0.09782399999983227,5.137300999999752,5.240092000000345,4315.951571137623,4297.947145430308,1.1042387176101534,94,5.327363252085643,0.26636816260428214,6.688533198719343,0.144958021974864,2.8301659726886603,medium,,process,,
D_backend,,1,,,,,,,1500,sequential,1,9.05990877180011,9.047790198001167,0.061084475595014655,9.002142995999748,9.143873277000239,0.0758342348971708,5,9.047790198001167,0.0,9.044358999999986,0.0,9.044358999999986,165.78633756686568,165.5705887932674,1.0,1,1.0,1.0,1.0,nan,0.999620769499945,heavy,,sequential,,
D_backend,,2,,,,,,,1500,thread/dynamic,94,4.856154836199858,4.890535115999228,0.06625740883046005,4.7484324159995595,4.912308327999199,0.08225625015166803,5,4.890075638999406,1.548100044601597e-05,9.560686508999993,0.0,9.560686508999993,306.7149022389796,308.9329158730618,nan,94,1.8500613907058172,0.9250306953529086,1.850235224552171,0.08104520749821154,1.0566874673013678,heavy,,thread,,
D_backend,,4,,,,,,,1500,thread/dynamic,94,3.300290221600153,3.303683917001763,0.04274096632931924,3.2457414630007406,3.346084081000299,0.05306141124692232,5,3.3031763330000103,1.4773999282624573e-05,11.24107419400002,0.0,11.24107419400002,454.03859378935846,454.56660095298713,nan,94,2.738697292267727,0.6846743230669318,2.7391181353566383,0.15351613962513722,1.2424110139604467,heavy,,thread,,
D_backend,,8,,,,,,,1500,thread/dynamic,94,2.9709185776002416,3.019215262000216,0.1193468680471627,2.8388905819992942,3.1079119329988316,0.14816495251158113,5,3.0181400110013783,1.4743000065209344e-05,15.208177405000015,0.0,15.208177405000015,496.8178383565327,505.5512340726674,nan,94,2.9967357120495763,0.37459196400619704,2.997803337493025,0.23851020237181006,1.6808720220280746,heavy,,thread,,
D_backend,,14,,,,,,,1500,thread/dynamic,94,3.5535236151998104,3.5447470330000215,0.10046228418585494,3.4338521030003903,3.7105598199996166,0.12472040372035582,5,3.543133635997947,1.5366000297944993e-05,18.566296574000035,0.0,18.566296574000035,423.1613669567012,422.3825818725924,nan,94,2.552450178749077,0.18231786991064838,2.553612459342871,0.34499429717072927,2.052025540789141,heavy,,thread,,
D_backend,,20,,,,,,,1500,thread/dynamic,94,4.005158683000627,4.000765831999161,0.031019791142702112,3.9746937650015752,4.051557205999416,0.03850998318415351,5,3.9991646179987583,1.685600000200793e-05,20.276810820000037,0.0,20.276810820000037,374.9282169935095,374.5349010425923,nan,94,2.2615145644452865,0.11307572822226433,2.262420045746658,0.41282267701740016,2.2410788022560006,heavy,,thread,,
D_backend,,2,,,,,,,1500,process/dynamic,94,5.161596584399376,5.167680180999014,0.08335466753684166,5.050797010997485,5.27699224800017,0.10348189742469231,5,5.147139967997646,0.019950420999521157,0.030023000000028333,10.284222000001137,10.318025000001171,290.26564095729714,290.668352800919,1.0020422664678985,94,1.7508417473799727,0.8754208736899863,1.7578286687861264,0.14230769456627224,1.1403917171157023,heavy,,process,,
D_backend,,4,,,,,,,1500,process/dynamic,94,3.101890970800741,3.104100135002227,0.025614933619192506,3.0733333810021577,3.1323968169999716,0.03180004205703316,5,3.0754031030010083,0.02869703200121876,0.041263999999728185,12.078817999999956,12.113264999999956,483.23183362734005,483.60237474131407,1.019242264266324,94,2.9147868317703853,0.7286967079425963,2.941985130070346,0.12410434917585118,1.3388092268845946,heavy,,process,,
D_backend,,8,,,,,,,1500,process/dynamic,94,2.0996225675997264,2.1096620649987017,0.054881332782448757,2.047263150998333,2.1789630239982216,0.06813325057068488,5,2.0544118249999883,0.04404602700378746,0.06184399999983725,16.07224099999985,16.143970999999738,711.0143491161098,714.8015892690136,1.0262096473688835,94,4.288739105713945,0.5360923882142431,4.404078134626789,0.12362144553134151,1.7842998839170978,heavy,,process,,
D_backend,,14,,,,,,,1500,process/dynamic,94,1.7989824555996166,1.7988406799995573,0.058788603477460406,1.7267514339982881,1.8651917910028715,0.07298399015396008,5,1.7299779320019297,0.07088824300444685,0.08445900000015172,23.439648999999918,23.52144599999997,833.870401463441,834.5192800189956,1.0333803954108518,94,5.029789629842813,0.3592706878459152,5.230003244914846,0.1371858930691198,2.599689591077865,heavy,,process,,
D_backend,,20,,,,,,,1500,process/dynamic,94,1.7445493344006535,1.753244743002142,0.07122679766342321,1.670091110998328,1.8505505040011485,0.0884255721665248,5,1.6324352550000185,0.09678161199917668,0.12432200000012017,29.56876199999988,29.69559799999979,855.5565365229602,860.9509661620868,1.0647676593234239,94,5.16059736332551,0.2580298681662755,5.542510902217107,0.1513431752987269,3.2820829561852713,heavy,,process,,
E_intra_image,,1,,,,,,,1000,sequential,1,0.3338347470009467,0.3335456710010476,0.002268797192770545,0.33063702900108183,0.3366697290002776,0.002816632173308615,5,0.3335456710010476,0.0,0.33344000000010965,0.0,0.33344000000010965,2998.090177572292,2995.604874761953,1.0,1,1.0,1.0,,,,light,,,,1
E_intra_image,,1,,,,,,,1000,sequential,1,0.33847625639973555,0.3374180600003456,0.007884040877712467,0.3267048550005711,0.3473472369987576,0.00978776034394145,5,0.3374180600003456,0.0,0.33731299999999464,0.0,0.33731299999999464,2963.682501164804,2955.7124955178406,1.0,1,0.9885234684850774,0.4942617342425387,,,,light,,,,2
E_intra_image,,1,,,,,,,1000,sequential,1,0.32596568020017,0.3262910230005218,0.0016714412240169054,0.3238010999994003,0.32769179500246537,0.002075035680739435,5,0.3262910230005218,0.0,0.32622399999991103,0.0,0.32622399999991103,3064.7487350530046,3067.8722364048954,1.0,1,1.022233673282866,0.2555584183207165,,,,light,,,,4
E_intra_image,,1,,,,,,,1000,sequential,1,0.332077549600217,0.3279383199987933,0.00791524562140075,0.32507243000145536,0.34367233400189434,0.009826499939226711,5,0.3279383199987933,0.0,0.3277619999998933,0.0,0.3277619999998933,3049.353915101107,3012.6962698179555,1.0,1,1.0170987977320702,0.12713734971650878,,,,light,,,,8
E_intra_image,,1,,,,,,,1000,sequential,1,0.32217881839969775,0.322416090999468,0.0029595266057583615,0.31727516099999775,0.32504258200060576,0.0036741485233250178,5,0.322416090999468,0.0,0.32230699999990975,0.0,0.32230699999990975,3101.582172589674,3104.0776079828292,1.0,1,1.03451930692131,0.07389423620866499,,,,light,,,,14
E_intra_image,,1,,,,,,,1000,sequential,1,6.246765195400803,6.238841033002245,0.06491006428456311,6.167316741000832,6.3477907570013485,0.08058356913434406,5,6.238841033002245,0.0,6.234527000000071,0.0,6.234527000000071,160.28618051176431,160.09661561108675,1.0,1,1.0,1.0,,,,heavy,,,,1
E_intra_image,,1,,,,,,,1000,sequential,1,5.831860415799747,5.817683817000216,0.031723475596035236,5.801236169998447,5.873759537000296,0.03938358276256925,5,5.817683817000216,0.0,6.995468000000301,0.0,6.995468000000301,171.88971272000686,171.47591923326678,1.0,1,1.0723925928685467,0.5361962964342734,,,,heavy,,,,2
E_intra_image,,1,,,,,,,1000,sequential,1,5.778757302399754,5.794981971001107,0.07180867874257328,5.663226035001571,5.841340015998867,0.08914795712618363,5,5.794981971001107,0.0,8.958111000000144,0.0,8.958111000000144,172.56309079202293,173.06917450051122,1.0,1,1.0765936916149645,0.26914842290374114,,,,heavy,,,,4
E_intra_image,,1,,,,,,,1000,sequential,1,5.992003077999835,5.997389406998991,0.07771798857459139,5.910778976001893,6.107782062998012,0.09648415810877824,5,5.997389406998991,0.0,14.182759000000033,0.0,14.182759000000033,166.73921470448354,166.91144206218593,1.0,1,1.0402594545089032,0.1300324318136129,,,,heavy,,,,8
E_intra_image,,1,,,,,,,1000,sequential,1,6.375455180599966,6.374645682000846,0.11510854008787494,6.248674441998446,6.518430150998029,0.14290321694120806,5,6.374645682000846,0.0,23.8215560000001,0.0,23.8215560000001,156.87146390324935,156.8924044423276,1.0,1,0.9786961259067225,0.06990686613619447,,,,heavy,,,,14
