workers,n_images,mode,tasks,time_mean,time_median,time_std,time_min,time_max,time_ci95,reps,compute_median,pool_setup_median,cpu_main_median,cpu_children_median,cpu_total_median,throughput_median,throughput_mean,imbalance_median,task_count,speedup,efficiency,speedup_compute,amdahl_serial_fraction,cpu_overhead_ratio,section,image_size,working_set_kb,backend,megapixels,ns_per_pixel,aggregate_working_set_mb
1,24000,sequential,1,16.40242311920083,16.388746014999924,0.09191162804707824,16.31071406800038,16.55482193300122,0.11410506390059565,5,16.388746014999924,0.0,16.380685999999997,0.0,16.380685999999997,1464.4195460734957,1463.2350248253522,1.0,1,1.0,1.0,1.0,nan,0.9995081981871858,cache,128,48.0,sequential,393.216,41.67873640696188,
4,24000,process/dynamic,1500,5.196826089200476,5.2027444150007796,0.06262970425349763,5.11512643399692,5.261799219002569,0.07775258210267258,5,5.123081390000152,0.08005454199883388,0.3276749999999993,20.543661999999998,20.85998099999999,4612.950028988961,4618.741385849315,1.001218963244126,1500,3.150019433541109,0.7875048583852773,3.1990016881225927,0.08994447858621424,1.2728234961300722,cache,128,48.0,process,393.216,13.231263262432808,0.1875
14,24000,process/dynamic,1500,3.113021212800959,3.0471335330003058,0.16442271396105898,2.949274164002418,3.380004631999327,0.20412503490446438,5,2.8168558190009207,0.22609389099670807,0.5090800000000115,39.690972000000045,40.19179900000006,7876.254762084163,7726.129649751378,1.0060266606768509,1500,5.378414118551293,0.38417243703937803,5.8180989969208525,0.12330752138815028,2.4524023353107194,cache,128,48.0,process,393.216,7.749261304220341,0.65625
1,10667,sequential,1,9.721197010799369,9.757213425000373,0.05159865921924196,9.663174426998012,9.760818810998899,0.06405792642886195,5,9.757213425000373,0.0,9.753151000000003,0.0,9.753151000000003,1093.2424592321133,1097.3176327253896,1.0,1,1.0,1.0,1.0,nan,0.9995836490580434,cache,192,108.0,sequential,393.228288,24.813101505556926,
4,10667,process/dynamic,667,3.1114430463996543,3.08925695400103,0.06385855803218449,3.0570648279972374,3.217597087001195,0.07927816098666025,5,2.9614671759991325,0.13338025800112518,0.2145659999999907,11.96416400000004,12.163143000000048,3452.933879839522,3429.447043649063,1.0007828776351202,667,3.158433749696148,0.789608437424037,3.294722799589534,0.08881683317296256,1.24657957863616,cache,192,108.0,process,393.228288,7.856141199081359,0.421875
14,10667,process/dynamic,667,2.07791706479984,2.0376540100005514,0.08124934038014439,1.9992185939991032,2.1728946980001638,0.10086820757009031,5,1.660920227997849,0.37673378200270236,0.4709750000000099,23.563710000000015,24.031153000000018,5234.9417259493985,5139.721056138191,1.0121614519117779,667,4.7884544565039935,0.34203246117885666,5.8745828129037685,0.14797685408917885,2.462911484382038,cache,192,108.0,process,393.228288,5.181860187028436,1.4765625
1,6000,sequential,1,6.722918493401084,6.720684269999765,0.01611137610624171,6.704449052002019,6.740162042999145,0.02000170858890232,5,6.720684269999765,0.0,6.717983000000004,0.0,6.717983000000004,892.7662361380666,892.473643672276,1.0,1,1.0,1.0,1.0,nan,0.9995980662249201,cache,256,192.0,sequential,393.216,17.091583938598035,
4,6000,process/dynamic,375,2.186764715800382,2.175783156999387,0.06750081501105912,2.108507771001314,2.2704653039982077,0.08379989533243862,5,2.039682051999989,0.13610110499939765,0.16683100000000195,8.27506900000003,8.443527000000017,2757.6277446115423,2745.865536626966,1.0045073088710887,375,3.0888575676209533,0.7722143919052383,3.2949666166890412,0.0983257199393206,1.2563493032533595,cache,256,192.0,process,393.216,5.533302706398994,0.75
14,6000,process/dynamic,375,1.5571102581998275,1.5635595489984553,0.02843085369437522,1.5227439510017575,1.5858613979980873,0.03529590810733437,5,1.1854850520030595,0.3775248529964301,0.41681900000003225,16.81578300000001,17.244027000000017,3837.3978169512798,3854.323418792878,1.0176615166776062,375,4.298323191019318,0.3070230850728084,5.66914298804876,0.17362185166050223,2.5658141801088687,cache,256,192.0,process,393.216,3.9763375574708433,2.625
1,2667,sequential,1,5.709288997198746,5.7104582939973625,0.012580386035998146,5.690616416999546,5.72174275100042,0.015618108209294872,5,5.7104582939973625,0.0,5.707840000000033,0.0,5.707840000000033,467.0378212556878,467.1352897652526,1.0,1,1.0,1.0,1.0,nan,0.9995414914420999,cache,384,432.0,sequential,393.265152,14.52063134746646,
4,2667,process/dynamic,167,1.9053734919994896,1.9065595739994023,0.05537463881350657,1.8348852879971673,1.9706288450033753,0.06874567271348024,5,1.7760370150026574,0.13052255899674492,0.12866900000000214,7.224688000000128,7.3533570000001305,1398.8547939288449,1400.674559612361,1.006590375511166,167,2.9951638395534093,0.7487909598883523,3.2152811263276617,0.11182873617540467,1.2876999745764235,cache,384,432.0,process,393.265152,4.848025725908719,1.6875
14,2667,process/dynamic,167,1.4081777129998954,1.390243340003508,0.05642321050326019,1.358348923997255,1.5051098000003549,0.0700474377045476,5,1.0068683909994434,0.38337494900406455,0.3718200000000138,14.48147700000004,14.859474999999975,1918.369197145926,1896.2737198623963,1.0214735711074963,167,4.107524294259848,0.293394592447132,5.67150418569503,0.18525993156893544,2.6021510419960068,cache,384,432.0,process,393.265152,3.535129753890596,5.90625
1,1500,sequential,1,5.019558912600769,5.038328595997882,0.05645051422671509,4.940488461001223,5.07549376300085,0.07008133431997857,5,5.038328595997882,0.0,5.036093999999991,0.0,5.036093999999991,297.71777910466216,298.86141727201766,1.0,1,1.0,1.0,1.0,nan,0.9995564806948746,cache,512,768.0,sequential,393.216,12.813132212315578,
4,1500,process/dynamic,94,1.7045826700006728,1.7034753950028971,0.02537333136674802,1.6675098730011086,1.7362681619997602,0.03150010133093063,5,1.5753273230002378,0.12814807200265932,0.10999000000003889,6.363485999999966,6.473038999999915,880.552783092854,880.1374508241594,1.014561236550191,94,2.957676178228165,0.7394190445570412,3.19827411258398,0.117471032319733,1.2847591967585585,cache,512,768.0,process,393.216,4.332161954251346,3.0
14,1500,process/dynamic,94,1.2875462248004623,1.2794102450025093,0.03552303921399442,1.2551222299989604,1.3391652479986078,0.0441006077857746,5,0.918967554000119,0.36044269100239035,0.3358299999999872,12.696672999999919,13.032502999999906,1172.4151857147729,1165.7078930412295,1.069563410187386,94,3.938008637712605,0.28128633126518604,5.482596827349173,0.19654587045551708,2.5866718995565456,cache,512,768.0,process,393.216,3.253708508815789,10.5
1,667,sequential,1,4.759886071199435,4.768422691002343,0.030395865009200867,4.722416603999591,4.790002117999393,0.037735400763570716,5,4.768422691002343,0.0,4.7667489999999475,0.0,4.7667489999999475,139.87853913592417,140.13398304326407,1.0,1,1.0,1.0,1.0,nan,0.9996490053187707,cache,768,1728.0,sequential,393.412608,12.120665667640074,
4,667,process/dynamic,42,1.7049775410006986,1.7013442690004013,0.03559790204453821,1.6552912320003088,1.7491134590018191,0.044193547365286814,5,1.5736390829988522,0.1280025520027266,0.09986300000002757,6.215458000000126,6.315321000000154,392.0429346095165,391.3444705766301,1.0429810694427124,42,2.8027382687243874,0.7006845671810968,3.0301882703086247,0.1423919058771672,1.3244046111760799,cache,768,1728.0,process,393.412608,4.324579930596432,6.75
14,667,process/dynamic,42,1.3269532184000128,1.3112025880000147,0.03472109264404548,1.2959020080015762,1.3833323719991313,0.04310501923454128,5,0.9534583830027259,0.3588711650008918,0.3256629999999632,12.674204999999802,12.996973999999796,508.693321767599,502.9249121659025,1.1031514791957524,42,3.636678828002961,0.25976277342878296,5.001185973094234,0.21920510152111536,2.7256337875675567,cache,768,1728.0,process,393.412608,3.332894170997221,23.625
1,375,sequential,1,4.7604101323995565,4.763480770998285,0.03765838546501891,4.707279096997809,4.810820837999927,0.04675156529354766,5,4.763480770998285,0.0,4.7609359999999015,0.0,4.7609359999999015,78.72394537270506,78.77867262416075,1.0,1,1.0,1.0,1.0,nan,0.9994657748984992,cache,1024,3072.0,sequential,393.216,12.114158047989617,
4,375,process/dynamic,24,1.7055814638013544,1.7083691309999267,0.03870281279952931,1.6710094980007852,1.7664844970022386,0.04804818521287708,5,1.579339660002006,0.1248895810022077,0.09593400000005659,6.2582850000001145,6.358863000000156,219.50759539919133,219.9556929204097,1.0303844844534678,24,2.788320559392319,0.6970801398480797,3.016121795480166,0.14485176229423588,1.3349194225187406,cache,1024,3072.0,process,393.216,4.3446073684690525,12.0
14,375,process/dynamic,24,1.4293948229998932,1.4269291689997772,0.027695499786537778,1.401867193999351,1.469156577000831,0.03438299201144751,5,1.0622743460007769,0.3570713020017138,0.3194459999999708,12.83344800000009,13.15289400000006,262.8021124992915,262.4270503496517,1.2038523336894411,24,3.3382741585816085,0.2384481541844006,4.484228381238533,0.24567567493637138,2.761193889997293,cache,1024,3072.0,process,393.216,3.628868532816002,42.0
